,SPX Index,cash,total,benchmark
2012-01-03,149416.02,583.9800000000105,150000.0,150000.0
2012-01-04,149444.1,583.9800000000105,150028.08000000002,150028.1897483282
2012-01-05,149884.02,583.9800000000105,150468.0,150469.8291388032
2012-01-06,149503.77,583.9800000000105,150087.75,150088.09296352562
2012-01-09,149841.9,583.9800000000105,150425.88,150427.54451631094
2012-01-10,151173.36,583.9800000000105,151757.34,151764.20841620598
2012-01-11,151220.16,583.9800000000105,151804.14,151811.1913300863
2012-01-12,151573.5,583.9800000000105,152157.48,152165.9123298827
2012-01-13,150823.53,583.9800000000105,151407.51,151413.0111349506
2012-01-17,151359.39,583.9800000000105,151943.37000000002,151950.96549888025
2012-01-18,153040.68,583.9800000000105,153624.66,153638.8266800307
2012-01-19,153796.5,583.9800000000105,154380.48,154397.60073919786
2012-01-20,153899.46000000002,583.9800000000105,154483.44000000003,154500.9631497346
2012-01-23,153972.0,583.9800000000105,154555.98,154573.78666624907
2012-01-24,153814.05000000002,583.9800000000105,154398.03000000003,154415.219331903
2012-01-25,155147.85,583.9800000000105,155731.83000000002,155754.23237749207
2012-01-26,154256.31,583.9800000000105,154840.29,154859.207868072
2012-01-27,154010.61,583.9800000000105,154594.59,154612.54757020032
2012-01-30,153622.17,583.9800000000105,154206.15000000002,154222.58938499368
2012-01-31,153551.97,583.9800000000105,154135.95,154152.1150141732
2012-02-01,154918.53,583.9800000000105,155502.51,155524.01609947853
2012-02-02,155088.18,583.9800000000105,155672.16,155694.32916229469
2012-02-03,157353.30000000002,583.9800000000105,157937.28000000003,157968.30219410214
2012-02-06,157286.61,583.9800000000105,157870.59,157901.35154182266
2012-02-07,157604.85,583.9800000000105,158188.83000000002,158220.83535620885
2012-02-08,157945.32,583.9800000000105,158529.30000000002,158562.6360546882
2012-02-09,158178.15,583.9800000000105,158762.13,158796.37605124278
2012-02-10,157088.88,583.9800000000105,157672.86000000002,157702.84873067838
2012-02-13,158157.09,583.9800000000105,158741.07,158775.23373999662
2012-02-14,158008.5,583.9800000000105,158592.48,158626.06298842662
2012-02-15,157157.91,583.9800000000105,157741.89,157772.14852865183
2012-02-16,158890.68,583.9800000000105,159474.66,159511.69091507062
2012-02-17,159263.91,583.9800000000105,159847.89,159886.37965326617
2012-02-21,159378.57,583.9800000000105,159962.55000000002,160001.48779227296
2012-02-22,158846.22,583.9800000000105,159430.2,159467.05714688433
2012-02-23,159524.82,583.9800000000105,160108.80000000002,160148.30939814897
2012-02-24,159791.58,583.9800000000105,160375.56,160416.11200726678
2012-02-27,160008.03,583.9800000000105,160592.01,160633.40798396326
2012-02-28,160543.89,583.9800000000105,161127.87000000002,161171.36234789292
2012-02-29,159784.56,583.9800000000105,160368.54,160409.06457018474
2012-03-01,160768.53,583.9800000000105,161352.51,161396.88033451844
2012-03-02,160246.71000000002,583.9800000000105,160830.69000000003,160873.0208447529
2012-03-05,159627.78,583.9800000000105,160211.76,160251.67180868567
2012-03-06,157173.12,583.9800000000105,157757.1,157787.41797566295
2012-03-07,158257.71000000002,583.9800000000105,158841.69000000003,158876.24700483936
2012-03-08,159811.47,583.9800000000105,160395.45,160436.07974566595
2012-03-09,160391.78999999998,583.9800000000105,160975.77,161018.66787778187
2012-03-12,160417.53,583.9800000000105,161001.51,161044.50848041606
2012-03-13,163326.15,583.9800000000105,163910.13,163964.4965780779
2012-03-14,163130.76,583.9800000000105,163714.74000000002,163768.34291262756
2012-03-15,164104.19999999998,583.9800000000105,164688.18,164745.58752133817
2012-03-16,164287.89,583.9800000000105,164871.87000000002,164929.99545831844
2012-03-19,164940.75,583.9800000000105,165524.73,165585.40710694887
2012-03-20,164445.84,583.9800000000105,165029.82,165088.5627926645
2012-03-21,164138.13,583.9800000000105,164722.11000000002,164779.65013390142
2012-03-22,162956.43,583.9800000000105,163540.41,163593.33155842335
2012-03-23,163461.87,583.9800000000105,164045.85,164100.74702833078
2012-03-26,165731.67,583.9800000000105,166315.65000000002,166379.41835152623
2012-03-27,165264.84,583.9800000000105,165848.82,165910.76378557005
2012-03-28,164448.18,583.9800000000105,165032.16,165090.91193835848
2012-03-29,164183.76,583.9800000000105,164767.74000000002,164825.45847493468
2012-03-30,164790.99,583.9800000000105,165374.97,165435.06178253182
2012-04-02,166027.68,583.9800000000105,166611.66,166676.58528181922
2012-04-03,165365.46000000002,583.9800000000105,165949.44000000003,166011.77705041273
2012-04-04,163678.32,583.9800000000105,164262.30000000002,164318.04300502723
2012-04-05,163575.36,583.9800000000105,164159.34,164214.6805944905
2012-04-09,161717.4,583.9800000000105,162301.38,162349.45891344183
2012-04-10,158955.03,583.9800000000105,159539.01,159576.292421656
2012-04-11,160137.9,583.9800000000105,160721.88,160763.78556998106
2012-04-12,162345.69,583.9800000000105,162929.67,162980.2045322851
2012-04-13,160320.42,583.9800000000105,160904.40000000002,160947.0189341143
2012-04-16,160239.69,583.9800000000105,160823.67,160865.97340767077
2012-04-17,162721.26,583.9800000000105,163305.24000000002,163357.2424161747
2012-04-18,162061.38,583.9800000000105,162645.36000000002,162694.78333046223
2012-04-19,161099.64,583.9800000000105,161683.62000000002,161729.28445022166
2012-04-20,161288.01,583.9800000000105,161871.99000000002,161918.39067858993
2012-04-23,159931.98,583.9800000000105,160515.96000000002,160557.0607489077
2012-04-24,160520.49,583.9800000000105,161104.47,161147.8708909527
2012-04-25,162710.73,583.9800000000105,163294.71000000002,163346.67126055164
2012-04-26,163797.66,583.9800000000105,164381.64,164437.84943542205
2012-04-27,164193.12,583.9800000000105,164777.1,164834.85505771072
2012-04-30,163555.47,583.9800000000105,164139.45,164194.7128560914
2012-05-01,164480.94,583.9800000000105,165064.92,165123.7999780747
2012-05-02,164070.27,583.9800000000105,164654.25,164711.5249087749
2012-05-03,162813.69,583.9800000000105,163397.67,163450.03367108834
2012-05-04,160184.69999999998,583.9800000000105,160768.68,160810.76848386144
2012-05-07,160240.86,583.9800000000105,160824.84,160867.14798051782
2012-05-08,159555.24,583.9800000000105,160139.22,160178.84829217117
2012-05-09,158485.86,583.9800000000105,159069.84,159105.28871000587
2012-05-10,158884.83,583.9800000000105,159468.81,159505.8180508356
2012-05-11,158346.63,583.9800000000105,158930.61000000002,158965.51454121195
2012-05-14,156586.94999999998,583.9800000000105,157170.93,157198.95697931194
2012-05-15,155687.22,583.9800000000105,156271.2,156295.71045996284
2012-05-16,155001.6,583.9800000000105,155585.58000000002,155607.41077161615
2012-05-17,152668.62,583.9800000000105,153252.6,153265.31251468224
2012-05-18,151540.74,583.9800000000105,152124.72,152133.02429016656
2012-05-21,153970.83,583.9800000000105,154554.81,154572.6120934021
2012-05-22,154045.71000000002,583.9800000000105,154629.69000000003,154647.78475561063
2012-05-23,154306.62,583.9800000000105,154890.6,154909.7145004934
2012-05-24,154519.56,583.9800000000105,155103.54,155123.48675864888
2012-05-25,154184.94,583.9800000000105,154768.92,154787.55892440458
2012-05-29,155893.14,583.9800000000105,156477.12000000002,156502.43528103625
2012-05-30,153658.44,583.9800000000105,154242.42,154259.00114325102
2012-05-31,153308.61,583.9800000000105,153892.59,153907.80386199564
2012-06-01,149531.85,583.9800000000105,150115.83000000002,150116.2827118539
2012-06-04,149547.06,583.9800000000105,150131.04,150131.55215886503
2012-06-05,150403.5,583.9800000000105,150987.48,150991.33948287484
2012-06-06,153870.21000000002,583.9800000000105,154454.19000000003,154471.59882855948
2012-06-07,153853.83,583.9800000000105,154437.81,154455.15480870137
2012-06-08,-155102.22,310788.42000000004,155686.20000000004,155708.42403645886
2012-06-11,-153144.81,310788.42000000004,157643.61000000004,153743.36366341452
2012-06-12,-154929.06,310788.42000000004,155859.36000000004,155534.58725510168
2012-06-13,-153840.96000000002,310788.42000000004,156947.46000000002,154442.23450738427
2012-06-14,-155504.69999999998,310788.42000000004,155283.72000000006,156112.47709582958
2012-06-15,-157112.28,310788.42000000004,153676.14000000004,157726.34018761854
2012-06-18,-157339.26,310788.42000000004,153449.16000000003,157954.20731993808
2012-06-19,-158883.66,310788.42000000004,151904.76000000004,159504.64347798863
2012-06-20,-158615.73,310788.42000000004,152172.69000000003,159235.66629602382
2012-06-21,-155084.67,310788.42000000004,155703.75000000003,155690.80544375375
2012-06-22,-156197.34,310788.42000000004,154591.08000000005,156807.82422125834
2012-06-25,-153705.24,310788.42000000004,157083.18000000005,154305.98405713137
2012-06-26,-154438.83,310788.42000000004,156349.59000000005,155042.44123220537
2012-06-27,-155826.44999999998,310788.42000000004,154961.97000000006,156435.48462875682
2012-06-28,-155497.68,310788.42000000004,155290.74000000005,156105.4296587476
2012-06-29,-159372.72,310788.42000000004,151415.70000000004,159995.61492803803
2012-07-02,-159764.67,310788.42000000004,151023.75000000003,160389.0968317857
2012-07-03,-160760.34,310788.42000000004,150028.08000000005,161388.65832458946
2012-07-05,-160006.86,310788.42000000004,150781.56000000006,160632.23341111632
2012-07-06,-158497.56,310788.42000000004,152290.86000000004,159117.03443847605
2012-07-09,-158237.82,310788.42000000004,152550.60000000003,158856.27926644028
2012-07-10,-156951.99,310788.42000000004,153836.43000000005,157565.42370757853
2012-07-11,-156949.65,310788.42000000004,153838.77000000005,157563.0745618845
2012-07-12,-156166.92,310788.42000000004,154621.50000000003,156777.28532723617
2012-07-13,-158743.26,310788.42000000004,152045.16000000003,159363.6947363477
2012-07-16,-158375.88,310788.42000000004,152412.54000000004,158994.8788623872
2012-07-17,-159549.39,310788.42000000004,151239.03000000003,160172.9754279362
2012-07-18,-160615.26,310788.42000000004,150173.16000000003,161243.01129156045
2012-07-19,-161051.67,310788.42000000004,149736.75000000003,161681.12696349443
2012-07-20,-159431.22,310788.42000000004,151357.20000000004,160054.34357038842
2012-07-23,-158010.84,310788.42000000004,152777.58000000005,158628.4121341207
2012-07-24,-156582.27,310788.42000000004,154206.15000000005,157194.25868792398
2012-07-25,-156533.13,310788.42000000004,154255.29000000004,157144.92662834967
2012-07-26,-159122.34,310788.42000000004,151666.08000000005,159744.2563387783
2012-07-27,-162158.49,310788.42000000004,148629.93000000005,162792.27287676398
2012-07-30,-162080.1,310788.42000000004,148708.32000000004,162713.57649601443
2012-07-31,-161380.44,310788.42000000004,149407.98000000004,162011.18193350366
2012-08-01,-160891.38,310788.42000000004,149897.04000000004,161520.21048345434
2012-08-02,-159705.0,310788.42000000004,151083.42000000004,160329.19361658825
2012-08-03,-162745.83,310788.42000000004,148042.59000000005,163381.90844596198
2012-08-06,-163124.91,310788.42000000004,147663.51000000004,163762.47004839257
2012-08-07,-163957.94999999998,310788.42000000004,146830.47000000006,164598.76591546225
2012-08-08,-164059.74,310788.42000000004,146728.68000000005,164700.95375315196
2012-08-09,-164127.6,310788.42000000004,146660.82000000004,164769.0789782784
2012-08-10,-164486.78999999998,310788.42000000004,146301.63000000006,165129.67284230984
2012-08-13,-164280.87,310788.42000000004,146507.55000000005,164922.94802123643
2012-08-14,-164259.81,310788.42000000004,146528.61000000004,164901.8057099903
2012-08-15,-164447.01,310788.42000000004,146341.41000000003,165089.73736551154
2012-08-16,-165614.67,310788.42000000004,145173.75000000003,166261.9610668255
2012-08-17,144652.32,211.38000000000466,144863.7,166573.2228712826
2012-08-20,144649.26,211.38000000000466,144860.64,166569.69915274158
2012-08-21,144143.34,211.38000000000466,144354.72,165987.11102062563
2012-08-22,144175.98,211.38000000000466,144387.36000000002,166024.69735172988
2012-08-23,143012.16,211.38000000000466,143223.54,164684.50973329376
2012-08-24,143935.26,211.38000000000466,144146.64,165747.498159836
2012-08-27,143863.86000000002,211.38000000000466,144075.24000000002,165665.27806054542
2012-08-28,143748.6,211.38000000000466,143959.98,165532.5513288335
2012-08-29,143869.98,211.38000000000466,144081.36000000002,165672.32549762746
2012-08-30,142746.96,211.38000000000466,142958.34,164379.1207930717
2012-08-31,143471.16,211.38000000000466,143682.54,165213.06751444732
2012-09-04,143303.88,211.38000000000466,143515.26,165020.43756753803
2012-09-05,143149.86000000002,211.38000000000466,143361.24000000002,164843.07706763982
2012-09-06,146076.24,211.38000000000466,146287.62,168212.92656570565
2012-09-07,146667.84,211.38000000000466,146879.22,168894.17881697032
2012-09-10,145766.16,211.38000000000466,145977.54,167855.85642021525
2012-09-11,146224.13999999998,211.38000000000466,146435.52,168383.23962852184
2012-09-12,146529.12,211.38000000000466,146740.5,168734.43690977723
2012-09-13,148918.98,211.38000000000466,149130.36000000002,171486.4610903169
2012-09-14,149508.54,211.38000000000466,149719.92,172165.36419588752
2012-09-17,149041.38,211.38000000000466,149252.76,171627.40983195786
2012-09-18,148850.63999999998,211.38000000000466,149062.02,171407.76470956736
2012-09-19,149027.1,211.38000000000466,149238.48,171610.96581209975
2012-09-20,148946.52,211.38000000000466,149157.9,171518.1745571861
2012-09-21,148935.30000000002,211.38000000000466,149146.68000000002,171505.25425586905
2012-09-24,148602.78,211.38000000000466,148814.16,171122.34350774446
2012-09-25,147042.18,211.38000000000466,147253.56,169325.24705182223
2012-09-26,146198.63999999998,211.38000000000466,146410.02,168353.87530734664
2012-09-27,147609.30000000002,211.38000000000466,147820.68000000002,169978.30955475869
2012-09-28,146948.34,211.38000000000466,147159.72,169217.1863498975
2012-10-01,147337.98,211.38000000000466,147549.36000000002,169665.87317745454
2012-10-02,147466.5,211.38000000000466,147677.88,169813.86935617754
2012-10-03,148000.98,211.38000000000466,148212.36000000002,170429.3455280097
2012-10-04,149062.80000000002,211.38000000000466,149274.18000000002,171652.07586174502
2012-10-05,149014.86000000002,211.38000000000466,149226.24000000002,171596.87093793563
2012-10-08,148499.76,211.38000000000466,148711.14,171003.7116501966
2012-10-09,147030.96,211.38000000000466,147242.34,169312.32675050513
2012-10-10,146121.12,211.38000000000466,146332.5,168264.60777097402
2012-10-11,146149.68,211.38000000000466,146361.06,168297.49581069025
2012-10-12,145716.18,211.38000000000466,145927.56,167798.30235071186
2012-10-15,146893.26,211.38000000000466,147104.64,169153.75941615907
2012-10-16,148401.84,211.38000000000466,148613.22,170890.95265688386
2012-10-17,149012.82,211.38000000000466,149224.2,171594.52179224163
2012-10-18,148648.68,211.38000000000466,148860.06,171175.19928585977
2012-10-19,146185.38,211.38000000000466,146396.76,168338.60586033552
2012-10-22,146249.63999999998,211.38000000000466,146461.02,168412.603949697
2012-10-23,144137.22,211.38000000000466,144348.6,165980.06358354347
2012-10-24,143692.5,211.38000000000466,143903.88,165467.949822248
2012-10-25,144122.94,211.38000000000466,144334.32,165963.61956368538
2012-10-26,144017.88,211.38000000000466,144229.26,165842.63856044356
2012-10-31,144040.32,211.38000000000466,144251.7,165868.47916307772
2012-11-01,145614.18,211.38000000000466,145825.56,167680.845066011
2012-11-02,144248.4,211.38000000000466,144459.78,166108.09202386736
2012-11-05,144560.52,211.38000000000466,144771.9,166467.5113150518
2012-11-06,145695.78,211.38000000000466,145907.16,167774.81089377165
2012-11-07,142242.06,211.38000000000466,142453.44,163797.70723380265
2012-11-08,140506.02,211.38000000000466,140717.4,161798.58424819508
2012-11-09,140744.69999999998,211.38000000000466,140956.08,162073.43429439495
2012-11-12,140763.06,211.38000000000466,140974.44,162094.57660564108
2012-11-13,140202.06,211.38000000000466,140413.44,161448.5615397867
2012-11-14,138259.98,211.38000000000466,138471.36000000002,159212.1748390835
2012-11-15,138039.66,211.38000000000466,138251.04,158958.46710412978
2012-11-16,138707.76,211.38000000000466,138919.14,159727.81231892
2012-11-19,141462.78,211.38000000000466,141674.16,162900.33357868856
2012-11-20,141556.62,211.38000000000466,141768.0,163008.39428061328
2012-11-21,141885.06,211.38000000000466,142096.44,163386.60673734988
2012-11-23,143733.30000000002,211.38000000000466,143944.68000000002,165514.93273612834
2012-11-26,143441.58,211.38000000000466,143652.96,165179.00490188404
2012-11-27,142691.88,211.38000000000466,142903.26,164315.69385933317
2012-11-28,143812.86000000002,211.38000000000466,144024.24000000002,165606.54941819495
2012-11-29,144426.9,211.38000000000466,144638.28,166313.64227209377
2012-11-30,144450.36000000002,211.38000000000466,144661.74000000002,166340.65744757495
2012-12-03,143764.92,211.38000000000466,143976.30000000002,165551.3444943856
2012-12-04,143519.1,211.38000000000466,143730.48,165268.27243825665
2012-12-05,143746.56,211.38000000000466,143957.94,165530.20218313942
2012-12-06,144221.88,211.38000000000466,144433.26,166077.55312984515
2012-12-07,144643.13999999998,211.38000000000466,144854.52,166562.65171565942
2012-12-10,144692.1,211.38000000000466,144903.48,166619.0312123158
2012-12-11,145639.68,211.38000000000466,145851.06,167710.2093871862
2012-12-12,145704.96,211.38000000000466,145916.34,167785.38204939468
2012-12-13,144783.9,211.38000000000466,144995.28,166724.74276854648
2012-12-14,-144185.16,288581.7,144396.54,166035.2685073528
2012-12-17,-145896.72,288581.7,142684.98,168006.20174463218
2012-12-18,-147572.58,288581.7,141009.12000000002,169936.0249322663
2012-12-19,-146452.62,288581.7,142129.08000000002,168646.34394625155
2012-12-20,-147256.38,288581.7,141325.32,169571.90734969385
2012-12-21,-145875.30000000002,288581.7,142706.4,167981.53571484506
2012-12-24,-145519.32,288581.7,143062.38,167571.6097912393
2012-12-26,-144822.66,288581.7,143759.04,166769.37653673283
2012-12-27,-144646.19999999998,288581.7,143935.50000000003,166566.17543420044
2012-12-28,-143047.86000000002,288581.7,145533.84,164725.61978293897
2012-12-31,-145471.38,288581.7,143110.32,167516.4048674299
2013-01-02,-149166.84,288581.7,139414.86000000002,171771.88229213978
2013-01-03,-148855.74,288581.7,139725.96000000002,171413.63757380235
2013-01-04,-149579.94,288581.7,139001.76,172247.58429517804
2013-01-07,-149112.78,288581.7,139468.92,171709.6299312484
2013-01-08,-148629.30000000002,288581.7,139952.4,171152.8824017666
2013-01-09,-149024.04,288581.7,139557.66,171607.44209355867
2013-01-10,-150156.24,288581.7,138425.46000000002,172911.2179537375
2013-01-11,-150149.1,288581.7,138432.6,172902.99594380846
2013-01-14,-150009.36000000002,288581.7,138572.34,172742.07946376837
2013-01-15,-150178.68,288581.7,138403.02000000002,172937.05855637166
2013-01-16,-150208.26,288581.7,138373.44,172971.12116893491
2013-01-17,-151055.88,288581.7,137525.82,173947.19120479855
2013-01-18,-151569.96,288581.7,137011.74000000002,174539.17591969058
2013-01-22,-152241.12,288581.7,136340.58000000002,175312.0448530218
2013-01-23,-152470.62,288581.7,136111.08000000002,175576.3237435986
2013-01-24,-152471.63999999998,288581.7,136110.06000000003,175577.4983164456
2013-01-25,-153301.92,288581.7,135279.78,176533.60061391006
2013-01-28,135016.2,547.140000000014,135563.34000000003,176207.06936244186
2013-01-29,135705.6,547.140000000014,136252.74000000002,177106.79216324995
2013-01-30,135176.4,547.140000000014,135723.54,176416.14332920927
2013-01-31,134829.9,547.140000000014,135377.04,175963.93278311117
2013-02-01,136185.30000000002,547.140000000014,136732.44000000003,177732.8394907052
2013-02-04,134613.9,547.140000000014,135161.04,175682.03529982927
2013-02-05,136016.1,547.140000000014,136563.24000000002,177512.0197954677
2013-02-06,136090.8,547.140000000014,136637.94,177609.50934176933
2013-02-07,135845.1,547.140000000014,136392.24000000002,177288.85095453617
2013-02-08,136613.7,547.140000000014,137160.84000000003,178291.93616588096
2013-02-11,136530.9,547.140000000014,137078.04,178183.8754639562
2013-02-12,136748.7,547.140000000014,137295.84000000003,178468.12209293214
2013-02-13,136829.69999999998,547.140000000014,137376.84,178573.83364916287
2013-02-14,136924.2,547.140000000014,137471.34000000003,178697.16379809874
2013-02-15,136781.1,547.140000000014,137328.24000000002,178510.40671542447
2013-02-19,137784.6,547.140000000014,138331.74000000002,179820.05543983838
2013-02-20,136075.5,547.140000000014,136622.64,177589.54160337025
2013-02-21,135217.80000000002,547.140000000014,135764.94000000003,176470.17368017166
2013-02-22,136404.0,547.140000000014,136951.14,178018.26069252816
2013-02-25,133906.5,547.140000000014,134453.64,174758.82104208105
2013-02-26,134724.6,547.140000000014,135271.74000000002,175826.50776001133
2013-02-27,136439.1,547.140000000014,136986.24000000002,178064.0690335615
2013-02-28,136321.2,547.140000000014,136868.34000000003,177910.19999060346
2013-03-01,136638.0,547.140000000014,137185.14,178323.64963275025
2013-03-04,137268.0,547.140000000014,137815.14,179145.85062565585
2013-03-05,138581.1,547.140000000014,139128.24000000002,180859.55240944048
2013-03-06,138731.4,547.140000000014,139278.54,181055.70607489083
2013-03-07,138983.4,547.140000000014,139530.54,181384.58647205305
2013-03-08,139606.2,547.140000000014,140153.34000000003,182197.39088218258
2013-03-11,140059.8,547.140000000014,140606.94,182789.3755970746
2013-03-12,139723.2,547.140000000014,140270.34000000003,182350.08535229362
2013-03-13,139906.8,547.140000000014,140453.94,182589.69821308323
2013-03-14,140690.7,547.140000000014,141237.84000000003,183612.7511628272
2013-03-15,140463.0,547.140000000014,141010.14,183315.58423253417
2013-03-18,139689.0,547.140000000014,140236.14,182305.4515841073
2013-03-19,139350.6,547.140000000014,139897.74000000002,181863.8121936323
2013-03-20,140283.9,547.140000000014,140831.04,183081.84423597957
2013-03-21,139122.0,547.140000000014,139669.14,181565.47069049225
2013-03-22,140120.1,547.140000000014,140667.24000000002,182868.0719778241
2013-03-25,139652.1,547.140000000014,140199.24000000002,182257.29409737996
2013-03-26,140739.3,547.140000000014,141286.44,183676.17809656556
2013-03-27,140656.5,547.140000000014,141203.64,183568.1173946408
2013-03-28,141227.1,547.140000000014,141774.24000000002,184312.79657964388
2013-04-01,140595.30000000002,547.140000000014,141142.44000000003,183488.2464410443
2013-04-02,141322.5,547.140000000014,141869.64,184437.30130142672
2013-04-03,139832.1,547.140000000014,140379.24000000002,182492.20866678152
2013-04-04,140398.2,547.140000000014,140945.34000000003,183231.01498754954
2013-04-05,139795.2,547.140000000014,140342.34000000003,182444.0511800542
2013-04-08,140676.3,547.140000000014,141223.44,183593.95799727502
2013-04-09,141174.9,547.140000000014,141722.04,184244.67135451743
2013-04-10,142895.7,547.140000000014,143442.84000000003,186490.45463799668
2013-04-11,143403.3,547.140000000014,143950.44,187152.91372370918
2013-04-12,142996.5,547.140000000014,143543.64,186622.0067968616
2013-04-15,139712.4,547.140000000014,140259.54,182335.9904781295
2013-04-16,141711.3,547.140000000014,142258.44,184944.7167713342
2013-04-17,139680.9,547.140000000014,140228.04,182294.8804284842
2013-04-18,138744.9,547.140000000014,139292.04,181073.3246675959
2013-04-19,139972.5,547.140000000014,140519.64,182675.4420309148
2013-04-22,140625.0,547.140000000014,141172.14,183527.00734499557
2013-04-23,142090.2,547.140000000014,142637.34000000003,185439.21193992457
2013-04-24,142091.1,547.140000000014,142638.24000000002,185440.38651277157
2013-04-25,142664.4,547.140000000014,143211.54,186188.58941631566
2013-04-26,142401.6,547.140000000014,142948.74000000002,185845.61414498932
2013-04-29,143424.9,547.140000000014,143972.04,187181.10347203736
2013-04-30,143781.3,547.140000000014,144328.44,187646.23431945252
2013-05-01,142443.0,547.140000000014,142990.14,185899.64449595168
2013-05-02,143783.1,547.140000000014,144330.24000000002,187648.5834651465
2013-05-03,145297.80000000002,547.140000000014,145844.94000000003,189625.38956666095
2013-05-06,145575.0,547.140000000014,146122.14,189987.1580035394
2013-05-07,146336.4,547.140000000014,146883.54,190980.84663210815
2013-05-08,146942.1,547.140000000014,147489.24000000002,191771.33415814448
2013-05-09,146400.30000000002,547.140000000014,146947.44000000003,191064.2413042457
2013-05-10,147033.0,547.140000000014,147580.14,191889.9660156923
2013-05-13,147039.3,547.140000000014,147586.44,191898.18802562138
2013-05-14,148530.6,547.140000000014,149077.74000000002,193844.45523311358
2013-05-15,149290.2,547.140000000014,149837.34000000003,194835.7947159883
2013-05-16,148542.3,547.140000000014,149089.44,193859.7246801247
2013-05-17,150072.3,547.140000000014,150619.44,195856.49852003827
2013-05-20,149966.1,547.140000000014,150513.24000000002,195717.8989240913
2013-05-21,150224.4,547.140000000014,150771.54,196055.00133118263
2013-05-22,148981.5,547.140000000014,149528.64,194432.9162294646
2013-05-23,148545.9,547.140000000014,149093.04,193864.42297151277
2013-05-24,148464.0,547.140000000014,149011.14,193757.53684243505
2013-05-28,149405.4,547.140000000014,149952.54,194986.1400404054
2013-05-29,148352.4,547.140000000014,148899.54,193611.88980940604
2013-05-30,148896.9,547.140000000014,149444.04,194322.50638184586
2013-05-31,146766.6,547.140000000014,147313.74000000002,191542.292452978
2013-06-03,147637.80000000002,547.140000000014,148184.94000000003,192679.27896888173
2013-06-04,146824.2,547.140000000014,147371.34000000003,191617.46511518653
2013-06-05,144801.0,547.140000000014,145348.14,188977.02535511262
2013-06-06,146030.4,547.140000000014,146577.54,190581.4918641255
2013-06-07,147904.2,547.140000000014,148451.34000000003,193026.95253159612
2013-06-10,147852.9,547.140000000014,148400.04,192960.00187931664
2013-06-11,146351.7,547.140000000014,146898.84000000003,191000.81437050735
2013-06-12,145126.8,547.140000000014,145673.94,189402.22072572948
2013-06-13,147272.4,547.140000000014,147819.54,192202.4023929965
2013-06-14,146405.7,547.140000000014,146952.84000000003,191071.28874132785
2013-06-17,147513.6,547.140000000014,148060.74000000002,192517.18791599467
2013-06-18,148662.9,547.140000000014,149210.04,194017.11744162385
2013-06-19,146603.7,547.140000000014,147150.84000000003,191329.6947676696
2013-06-20,142937.1,547.140000000014,143484.24000000002,186544.48498895913
2013-06-21,143318.7,547.140000000014,143865.84000000003,187042.50387609052
2013-06-24,141578.1,547.140000000014,142125.24000000002,184770.87998997708
2013-06-25,142922.7,547.140000000014,143469.84000000003,186525.691823407
2013-06-26,144293.4,547.140000000014,144840.54,188314.56626940015
2013-06-27,145188.0,547.140000000014,145735.14,189482.0916793261
2013-06-28,144565.2,547.140000000014,145112.34000000003,188669.2872691966
2013-07-01,145346.4,547.140000000014,145893.54,189688.81650039952
2013-07-02,145267.19999999998,547.140000000014,145814.34,189585.45408986282
2013-07-03,145386.9,547.140000000014,145934.04,189741.6722785149
2013-07-05,146870.1,547.140000000014,147417.24000000002,191677.36833038402
2013-07-08,147641.4,547.140000000014,148188.54,192683.97726026986
2013-07-09,148708.8,547.140000000014,149255.94,194077.02065682132
2013-07-10,148735.8,547.140000000014,149282.94,194112.25784223157
2013-07-11,150751.8,547.140000000014,151298.94,196743.30101952946
2013-07-12,151217.1,547.140000000014,151764.24000000002,197350.5551814326
2013-07-15,151425.0,547.140000000014,151972.14,197621.88150909144
2013-07-16,150863.4,547.140000000014,151410.54,196888.94805255847
2013-07-17,151281.9,547.140000000014,151829.04,197435.1244264172
2013-07-18,152043.3,547.140000000014,152590.44,198428.8130549859
2013-07-19,152288.1,547.140000000014,152835.24000000002,198748.29686937208
2013-07-22,152597.7,547.140000000014,153144.84000000003,199152.34992874283
2013-07-23,152315.1,547.140000000014,152862.24000000002,198783.53405478236
2013-07-24,151734.6,547.140000000014,152281.74000000002,198025.9345684622
2013-07-25,152122.5,547.140000000014,152669.64,198532.17546552263
2013-07-26,152248.5,547.140000000014,152795.64,198696.61566410374
2013-07-29,151679.69999999998,547.140000000014,152226.84,197954.2856247947
2013-07-30,151736.4,547.140000000014,152283.54,198028.28371415622
2013-07-31,151715.7,547.140000000014,152262.84000000003,198001.268538675
2013-08-01,153618.3,547.140000000014,154165.44,200484.31553724981
2013-08-02,153870.30000000002,547.140000000014,154417.44000000003,200813.19593441207
2013-08-05,153642.6,547.140000000014,154189.74000000002,200516.02900411905
2013-08-06,152763.3,547.140000000014,153310.44,199368.47133259225
2013-08-07,152181.9,547.140000000014,152729.04,198609.69727342512
2013-08-08,152773.2,547.140000000014,153320.34000000003,199381.39163390937
2013-08-09,152227.80000000002,547.140000000014,152774.94000000003,198669.60048862253
2013-08-12,152052.3,547.140000000014,152599.44,198440.55878345596
2013-08-13,152474.4,547.140000000014,153021.54,198991.4334487027
2013-08-14,151685.1,547.140000000014,152232.24000000002,197961.33306187674
2013-08-15,149518.8,547.140000000014,150065.94,195134.13621912853
2013-08-16,149024.69999999998,547.140000000014,149571.84,194489.29572612114
2013-08-19,148145.4,547.140000000014,148692.54,193341.73805459435
2013-08-20,148711.5,547.140000000014,149258.64,194080.54437536237
2013-08-21,147852.0,547.140000000014,148399.14,192958.82730646976
2013-08-22,149126.4,547.140000000014,149673.54,194622.02245783305
2013-08-23,149715.0,547.140000000014,150262.14,195390.19309977625
2013-08-26,149110.2,547.140000000014,149657.34000000003,194600.8801465869
2013-08-27,146743.2,547.140000000014,147290.34000000003,191511.7535589559
2013-08-28,147146.4,547.140000000014,147693.54,192037.9621944155
2013-08-29,147435.30000000002,547.140000000014,147982.44000000003,192415.00007830505
2013-08-30,146967.3,547.140000000014,147514.44,191804.22219786092
2013-09-03,147579.3,547.140000000014,148126.44,192602.93173382632
2013-09-04,148777.19999999998,547.140000000014,149324.34,194166.28819319393
2013-09-05,148957.19999999998,547.140000000014,149504.34,194401.20276259552
2013-09-06,148965.30000000002,547.140000000014,149512.44000000003,194411.77391821862
2013-09-09,150453.9,547.140000000014,151001.04,196354.5174071698
2013-09-10,151559.1,547.140000000014,152106.24000000002,197796.89286329556
2013-09-11,152021.7,547.140000000014,152568.84000000003,198400.62330665768
2013-09-12,151507.80000000002,547.140000000014,152054.94000000003,197729.9422110161
2013-09-13,151919.1,547.140000000014,152466.24000000002,198266.72200209874
2013-09-16,152784.0,547.140000000014,153331.14,199395.4865080734
2013-09-17,153428.4,547.140000000014,153975.54,200236.48066653113
2013-09-18,155296.8,547.140000000014,155843.94,202674.89389691968
2013-09-19,155010.6,547.140000000014,155557.74000000002,202301.37973157113
2013-09-20,153891.9,547.140000000014,154439.04,200841.38568274025
2013-09-23,153165.6,547.140000000014,153712.74000000002,199893.5053952048
2013-09-24,152767.80000000002,547.140000000014,153314.94000000003,199374.3441968273
2013-09-25,152349.3,547.140000000014,152896.44,198828.1678229686
2013-09-26,152880.30000000002,547.140000000014,153427.44000000003,199521.16580270333
2013-09-27,152257.5,547.140000000014,152804.64,198708.3613925738
2013-09-30,151339.5,547.140000000014,151886.64,197510.29708862567
2013-10-01,152550.0,547.140000000014,153097.14,199090.0975678514
2013-10-02,152448.3,547.140000000014,152995.44,198957.37083613948
2013-10-03,151079.4,547.140000000014,151626.54,197170.84553584037
2013-10-04,152145.0,547.140000000014,152692.14,198561.5397866978
2013-10-07,150850.8,547.140000000014,151397.94,196872.50403270032
2013-10-08,148990.5,547.140000000014,149537.64,194444.66195793488
2013-10-09,149076.0,547.140000000014,149623.14,194556.24637840062
2013-10-10,152330.4,547.140000000014,152877.54,198803.50179318147
2013-10-11,153288.0,547.140000000014,153835.14,200053.24730239797
2013-10-14,153912.6,547.140000000014,154459.74000000002,200868.40085822152
2013-10-15,152825.4,547.140000000014,153372.54,199449.51685903585
2013-10-16,154938.6,547.140000000014,155485.74000000002,202207.41390381058
2013-10-17,155983.5,547.140000000014,156530.64,203571.09297918683
2013-10-18,157005.0,547.140000000014,157552.14,204904.23316054087
2013-10-21,157019.4,547.140000000014,157566.54,204923.02632609304
2013-10-22,157920.30000000002,547.140000000014,158467.44000000003,206098.773745948
2013-10-23,157174.2,547.140000000014,157721.34000000003,205125.05285577843
2013-10-24,157686.3,547.140000000014,158233.44,205793.38480572592
2013-10-25,158379.3,547.140000000014,158926.44,206697.80589792205
2013-10-28,158589.9,547.140000000014,159137.04,206972.65594412189
2013-10-29,159475.5,547.140000000014,160022.64,208128.43562557775
2013-10-30,158697.9,547.140000000014,159245.04,207113.60468576287
2013-10-31,158088.6,547.140000000014,158635.74000000002,206318.41886833846
2013-11-01,158547.6,547.140000000014,159094.74000000002,206917.45102031255
2013-11-04,159113.7,547.140000000014,159660.84000000003,207656.25734108055
2013-11-05,158667.3,547.140000000014,159214.44,207073.6692089646
2013-11-06,159344.1,547.140000000014,159891.24000000002,207956.94798991457
2013-11-07,157243.5,547.140000000014,157790.64,205215.49496499798
2013-11-08,159354.9,547.140000000014,159902.04,207971.04286407866
2013-11-11,159470.1,547.140000000014,160017.24000000002,208121.3881884957
2013-11-12,159092.1,547.140000000014,159639.24000000002,207628.06759275237
2013-11-13,160380.0,547.140000000014,160927.14,209308.88133682078
2013-11-14,161155.8,547.140000000014,161702.94,210321.36313094164
2013-11-15,161836.2,547.140000000014,162383.34000000003,211209.34020327972
2013-11-18,161237.7,547.140000000014,161784.84000000003,210428.2492600194
2013-11-19,160908.3,547.140000000014,161455.44,209998.35559801446
2013-11-20,160323.3,547.140000000014,160870.44,209234.88324745928
2013-11-21,161626.5,547.140000000014,162173.64,210935.66472992682
2013-11-22,162428.4,547.140000000014,162975.54,211982.2091366109
2013-11-25,162223.2,547.140000000014,162770.34000000003,211714.4065274931
2013-11-26,162247.5,547.140000000014,162794.64,211746.1199943623
2013-11-27,162650.7,547.140000000014,163197.84000000003,212272.32862982186
2013-11-29,162522.9,547.140000000014,163070.04,212105.53928554672
2013-12-02,162081.0,547.140000000014,162628.14,211528.82401766584
2013-12-03,161563.5,547.140000000014,162110.64,210853.44463063628
2013-12-04,161352.9,547.140000000014,161900.04,210578.5945844364
2013-12-05,160652.7,547.140000000014,161199.84000000003,209664.77690946418
2013-12-06,162458.1,547.140000000014,163005.24000000002,212020.97004056218
2013-12-09,162753.3,547.140000000014,163300.44,212406.22993438077
2013-12-10,162235.8,547.140000000014,162782.94,211730.85054735118
2013-12-11,160399.8,547.140000000014,160946.94,209334.7219394549
2013-12-12,159795.0,547.140000000014,160342.14,208545.40898626554
2013-12-13,159778.8,547.140000000014,160325.94,208524.26667501937
2013-12-16,160788.6,547.140000000014,161335.74000000002,209842.1374093623
2013-12-17,160290.0,547.140000000014,160837.14,209191.4240521199
2013-12-18,162958.5,547.140000000014,163505.64,212674.03254349856
2013-12-19,162864.0,547.140000000014,163411.14,212550.7023945627
2013-12-20,163648.8,547.140000000014,164195.94,213574.92991715364
2013-12-23,164519.1,547.140000000014,165066.24000000002,214710.74186021037
2013-12-24,164998.8,547.140000000014,165545.94,215336.7891876656
2013-12-26,165781.8,547.140000000014,166328.94,216358.66756456252
2013-12-27,165726.0,547.140000000014,166273.14,216285.84404804805
2013-12-30,165696.3,547.140000000014,166243.44,216247.08314409677
2013-12-31,166352.4,547.140000000014,166899.54,217103.3467495656
2014-01-02,164878.2,547.140000000014,165425.34000000003,215179.39642616655
2014-01-03,164823.3,547.140000000014,165370.44,215107.74748249905
2014-01-06,164409.3,547.140000000014,164956.44,214567.4439728754
2014-01-07,165409.2,547.140000000014,165956.34000000003,215872.3944059013
2014-01-08,165374.1,547.140000000014,165921.24000000002,215826.58606486797
2014-01-09,165431.7,547.140000000014,165978.84000000003,215901.7587270765
2014-01-10,165813.3,547.140000000014,166360.44,216399.77761420785
2014-01-13,163728.0,547.140000000014,164275.14,213678.29232769037
2014-01-14,165499.2,547.140000000014,166046.34000000003,215989.85169060208
2014-01-15,166354.2,547.140000000014,166901.34000000003,217105.69589525965
2014-01-16,166130.1,547.140000000014,166677.24000000002,216813.22725635467
2014-01-17,165483.0,547.140000000014,166030.14,215968.70937935592
2014-01-21,165942.0,547.140000000014,166489.14,216567.74153133
2014-01-22,166037.4,547.140000000014,166584.54,216692.2462531128
2014-01-23,164561.4,547.140000000014,165108.54,214765.94678401973
2014-01-24,161126.1,547.140000000014,161673.24000000002,210282.60222699028
2014-01-27,160340.4,547.140000000014,160887.54,209257.20013155232
2014-01-28,161325.0,547.140000000014,161872.14,210542.18282617905
2014-01-29,159678.0,547.140000000014,160225.14,208392.71451615446
2014-01-30,161477.1,547.140000000014,162024.24000000002,210740.68563732342
2014-01-31,160433.1,547.140000000014,160980.24000000002,209378.18113479417
2014-02-03,156770.1,547.140000000014,157317.24000000002,204597.66964747175
2014-02-04,157968.0,547.140000000014,158515.14,206161.02610683936
2014-02-05,157647.6,547.140000000014,158194.74000000002,205742.87817330455
2014-02-06,159608.7,547.140000000014,160155.84000000003,208302.2724069349
2014-02-07,161731.8,547.140000000014,162278.94,211073.0897530267
2014-02-10,161985.6,547.140000000014,162532.74000000002,211404.31929588295
2014-02-11,163777.5,547.140000000014,164324.64,213742.89383427583
2014-02-12,163733.4,547.140000000014,164280.54,213685.33976477245
2014-02-13,164684.69999999998,547.140000000014,165231.84,214926.86326405988
2014-02-14,165476.7,547.140000000014,166023.84000000003,215960.4873694269
2014-02-18,165668.4,547.140000000014,166215.54,216210.6713858396
2014-02-19,164587.5,547.140000000014,165134.64,214800.00939658302
2014-02-20,165580.2,547.140000000014,166127.34000000003,216095.5632468328
2014-02-21,165262.5,547.140000000014,165809.64,215680.939031839
2014-02-24,166284.9,547.140000000014,166832.04,217015.25378604
2014-02-25,166060.8,547.140000000014,166607.94,216722.78514713503
2014-02-26,166064.4,547.140000000014,166611.54,216727.48343852308
2014-02-27,166886.1,547.140000000014,167433.24000000002,217799.86844784132
2014-02-28,167350.5,547.140000000014,167897.64,218405.94803689743
2014-03-03,166115.7,547.140000000014,166662.84000000003,216794.4340908025
2014-03-04,168651.9,547.140000000014,169199.04,220104.38037367095
2014-03-05,168642.9,547.140000000014,169190.04,220092.63464520086
2014-03-06,168932.7,547.140000000014,169479.84000000003,220470.84710193746
2014-03-07,169023.6,547.140000000014,169570.74000000002,220589.47895948528
2014-03-10,168945.30000000002,547.140000000014,169492.44000000003,220487.2911217956
2014-03-11,168086.7,547.140000000014,168633.84000000003,219366.74862575
2014-03-12,168138.0,547.140000000014,168685.14,219433.69927802947
2014-03-13,166170.6,547.140000000014,166717.74000000002,216866.08303447
2014-03-14,165701.7,547.140000000014,166248.84000000003,216254.13058117888
2014-03-17,167294.69999999998,547.140000000014,167841.84,218333.12452038296
2014-03-18,168502.5,547.140000000014,169049.64,219909.40128106764
2014-03-19,167469.3,547.140000000014,168016.44,218560.99165270248
2014-03-20,168480.9,547.140000000014,169028.04,219881.21153273946
2014-03-21,167986.8,547.140000000014,168533.94,219236.37103973207
2014-03-24,167169.6,547.140000000014,167716.74000000002,218169.85889464885
2014-03-25,167905.8,547.140000000014,168452.94,219130.65948350134
2014-03-26,166730.4,547.140000000014,167277.54,217596.66734530893
2014-03-27,166413.6,547.140000000014,166960.74000000002,217183.21770316214
2014-03-28,167185.8,547.140000000014,167732.94,218191.00120589498
2014-03-31,168510.6,547.140000000014,169057.74000000002,219919.97243669073
2014-04-01,169696.8,547.140000000014,170243.94,221468.05944904726
2014-04-02,170181.0,547.140000000014,170728.14,222099.97964073755
2014-04-03,169989.3,547.140000000014,170536.44,221849.79562432485
2014-04-04,167858.1,547.140000000014,168405.24000000002,219068.40712260996
2014-04-07,166053.6,547.140000000014,166600.74000000002,216713.388564359
2014-04-08,166676.4,547.140000000014,167223.54,217526.19297448848
2014-04-09,168496.2,547.140000000014,169043.34000000003,219901.17927113862
2014-04-10,164977.19999999998,547.140000000014,165524.34,215308.59943933744
2014-04-11,163412.1,547.140000000014,163959.24000000002,213266.01725839058
2014-04-14,164754.9,547.140000000014,165302.04,215018.47994612646
2014-04-15,165868.2,547.140000000014,166415.34000000003,216471.42655787533
2014-04-16,167607.9,547.140000000014,168155.04,218741.8758711417
2014-04-17,167836.5,547.140000000014,168383.64,219040.21737428172
2014-04-21,168470.1,547.140000000014,169017.24000000002,219867.11665857534
2014-04-22,169159.5,547.140000000014,169706.64,220766.8394593834
2014-04-23,168785.1,547.140000000014,169332.24000000002,220278.2171550281
2014-04-24,169074.9,547.140000000014,169622.04,220656.42961176462
2014-04-25,167706.0,547.140000000014,168253.14,218869.9043114655
2014-04-28,168248.7,547.140000000014,168795.84000000003,219578.1717382113
2014-04-29,169049.69999999998,547.140000000014,169596.84,220623.54157204836
2014-04-30,169555.5,547.140000000014,170102.64,221283.65151206683
2014-05-01,169531.2,547.140000000014,170078.34000000003,221251.93804519763
2014-05-02,169302.6,547.140000000014,169849.74000000002,220953.5965420576
2014-05-05,169619.4,547.140000000014,170166.54,221367.0461842044
2014-05-06,168094.8,547.140000000014,168641.94,219377.3197813729
2014-05-07,169038.9,547.140000000014,169586.04,220609.44669788427
2014-05-08,168806.7,547.140000000014,169353.84000000003,220306.40690335623
2014-05-09,169063.2,547.140000000014,169610.34000000003,220641.1601647535
2014-05-12,170698.5,547.140000000014,171245.64,222775.35902776697
2014-05-13,170770.5,547.140000000014,171317.64,222869.32485552758
2014-05-14,169967.7,547.140000000014,170514.84000000003,221821.60587599647
2014-05-15,168376.5,547.140000000014,168923.64,219744.96108248635
2014-05-16,169007.4,547.140000000014,169554.54,220568.3366482389
2014-05-19,169657.19999999998,547.140000000014,170204.34,221416.37824377866
2014-05-20,168554.69999999998,547.140000000014,169101.84,219977.5265061939
2014-05-21,169922.7,547.140000000014,170469.84000000003,221762.87723364605
2014-05-22,170324.1,547.140000000014,170871.24000000002,222286.7367234116
2014-05-23,171047.7,547.140000000014,171594.84000000003,223231.09329240597
2014-05-27,172071.9,547.140000000014,172619.04,224567.75719230107
2014-05-28,171880.2,547.140000000014,172427.34000000003,224317.57317588836
2014-05-29,172802.7,547.140000000014,173349.84000000003,225521.51034407155
2014-05-30,173121.3,547.140000000014,173668.44,225937.30913191233
2014-06-02,173247.3,547.140000000014,173794.44,226101.74933049348
2014-06-03,173181.6,547.140000000014,173728.74000000002,226016.00551266188
2014-06-04,173509.2,547.140000000014,174056.34000000003,226443.5500289728
2014-06-05,174641.4,547.140000000014,175188.54,227921.16267050884
2014-06-06,175449.6,547.140000000014,175996.74000000002,228975.929087122
2014-06-09,175614.3,547.140000000014,176161.44,229190.87591812445
2014-06-10,175571.1,547.140000000014,176118.24000000002,229134.49642146807
2014-06-11,174950.1,547.140000000014,175497.24000000002,228324.04115703257
2014-06-12,173709.9,547.140000000014,174257.04,226705.47977385556
2014-06-13,174254.4,547.140000000014,174801.54,227416.0963462954
2014-06-16,174400.2,547.140000000014,174947.34000000003,227606.3771475107
2014-06-17,174779.1,547.140000000014,175326.24000000002,228100.87231610104
2014-06-18,176128.2,547.140000000014,176675.34000000003,229861.557013766
2014-06-19,176353.2,547.140000000014,176900.34000000003,230155.20022551803
2014-06-20,176658.3,547.140000000014,177205.44,230553.3804206537
2014-06-23,176634.9,547.140000000014,177182.04,230522.8415266315
2014-06-24,175498.2,547.140000000014,176045.34000000003,229039.35602086043
2014-06-25,176357.7,547.140000000014,176904.84000000003,230161.07308975304
2014-06-26,176149.8,547.140000000014,176696.94,229889.7467620942
2014-06-27,176486.4,547.140000000014,177033.54,230329.0370068752
2014-06-30,176420.7,547.140000000014,176967.84000000003,230243.29318904362
2014-07-01,177598.8,547.140000000014,178145.94,231780.80904577707
2014-07-02,177715.8,547.140000000014,178262.94,231933.50351588812
2014-07-03,178689.6,547.140000000014,179236.74000000002,233204.39133635076
2014-07-07,177988.5,547.140000000014,178535.64,232289.39908853156
2014-07-08,176733.9,547.140000000014,177281.04,230652.04453980242
2014-07-09,177554.69999999998,547.140000000014,178101.84,231723.2549762737
2014-07-10,176821.2,547.140000000014,177368.34000000003,230765.97810596222
2014-07-11,177081.3,547.140000000014,177628.44,231105.4296587475
2014-07-14,177939.0,547.140000000014,178486.14,232224.7975819461
2014-07-15,177595.2,547.140000000014,178142.34000000003,231776.11075438905
2014-07-16,178341.3,547.140000000014,178888.44,232749.83164455864
2014-07-17,176230.8,547.140000000014,176777.94,229995.45831832493
2014-07-18,178039.8,547.140000000014,178586.94,232356.34974081098
2014-07-21,177626.7,547.140000000014,178173.84000000003,231817.22080403432
2014-07-22,178517.7,547.140000000014,179064.84000000003,232980.0479225722
2014-07-23,178830.9,547.140000000014,179378.04,233388.79927333098
2014-07-24,178918.2,547.140000000014,179465.34000000003,233502.73283949075
2014-07-25,178050.6,547.140000000014,178597.74000000002,232370.44461497504
2014-07-28,178101.9,547.140000000014,178649.04,232437.39526725453
2014-07-29,177295.5,547.140000000014,177842.64,231384.97799633536
2014-07-30,177306.3,547.140000000014,177853.44,231399.07287049943
2014-07-31,173760.30000000002,547.140000000014,174307.44000000003,226771.25585328802
2014-08-01,173263.5,547.140000000014,173810.64,226122.89164173964
2014-08-04,174509.1,547.140000000014,175056.24000000002,227748.5004619987
2014-08-05,172818.9,547.140000000014,173366.04,225542.6526553177
2014-08-06,172821.6,547.140000000014,173368.74000000002,225546.17637385873
2014-08-07,171861.3,547.140000000014,172408.44,224292.90714610124
2014-08-08,173843.1,547.140000000014,174390.24000000002,226879.3165552128
2014-08-11,174322.80000000002,547.140000000014,174869.94000000003,227505.36388266808
2014-08-12,174037.5,547.140000000014,174584.64,227133.02429016653
2014-08-13,175204.8,547.140000000014,175751.94,228656.44527273587
2014-08-14,175966.2,547.140000000014,176513.34000000003,229650.13390130465
2014-08-15,175955.4,547.140000000014,176502.54,229636.03902714056
2014-08-18,177456.6,547.140000000014,178003.74000000002,231595.22653594989
2014-08-19,178344.0,547.140000000014,178891.14,232753.35536309972
2014-08-20,178785.9,547.140000000014,179333.04,233330.07063098066
2014-08-21,179313.3,547.140000000014,179860.44,234018.37031932734
2014-08-22,178956.0,547.140000000014,179503.14,233552.0648990652
2014-08-25,179812.80000000002,547.140000000014,180359.94000000003,234670.25824941677
2014-08-26,180001.8,547.140000000014,180548.94,234916.91854728846
2014-08-27,180010.8,547.140000000014,180557.94,234928.66427575852
2014-08-28,179706.6,547.140000000014,180253.74000000002,234531.65865346984
2014-08-29,180303.3,547.140000000014,180850.44,235310.40045103614
2014-09-02,180205.2,547.140000000014,180752.34000000003,235182.37201071228
2014-09-03,180064.8,547.140000000014,180611.94,234999.13864657906
2014-09-04,179788.5,547.140000000014,180335.64,234638.54478254763
2014-09-05,180693.9,547.140000000014,181241.04,235820.16506663765
2014-09-08,180138.6,547.140000000014,180685.74000000002,235095.45362003372
2014-09-09,178959.6,547.140000000014,179506.74000000002,233556.76319045326
2014-09-10,179612.1,547.140000000014,180159.24000000002,234408.32850453406
2014-09-11,179770.5,547.140000000014,180317.64,234615.05332560747
2014-09-12,178698.6,547.140000000014,179245.74000000002,233216.13706482097
2014-09-15,178571.7,547.140000000014,179118.84000000003,233050.5222933929
2014-09-16,179908.2,547.140000000014,180455.34000000003,234794.76297119973
2014-09-17,180141.3,547.140000000014,180688.44,235098.9773385748
2014-09-18,181022.4,547.140000000014,181569.54,236248.88415579562
2014-09-19,180936.0,547.140000000014,181483.14,236136.12516248287
2014-09-22,179486.1,547.140000000014,180033.24000000002,234243.88830595303
2014-09-23,178449.3,547.140000000014,178996.44,232890.78038619985
2014-09-24,179847.0,547.140000000014,180394.14,234714.8920176032
2014-09-25,176939.1,547.140000000014,177486.24000000002,230919.84714892047
2014-09-26,178456.5,547.140000000014,179003.64,232900.17696897587
2014-09-29,178002.0,547.140000000014,178549.14,232307.01768123684
2014-09-30,177506.1,547.140000000014,178053.24000000002,231659.82804253546
2014-10-01,175154.4,547.140000000014,175701.54,228590.66919330365
2014-10-02,175155.30000000002,547.140000000014,175702.44000000003,228591.84376615065
2014-10-03,177111.0,547.140000000014,177658.14,231144.19056269896
2014-10-06,176833.8,547.140000000014,177380.94,230782.42212582048
2014-10-07,174159.0,547.140000000014,174706.14,227291.59162451277
2014-10-08,177200.1,547.140000000014,177747.24000000002,231260.4732745527
2014-10-09,173538.9,547.140000000014,174086.04,226482.31093292427
2014-10-10,171551.7,547.140000000014,172098.84000000003,223888.85408673066
2014-10-13,168726.6,547.140000000014,169273.74000000002,220201.86991997264
2014-10-14,168993.0,547.140000000014,169540.14,220549.543482687
2014-10-15,167624.1,547.140000000014,168171.24000000002,218763.01818238787
2014-10-16,167648.4,547.140000000014,168195.54,218794.7316492571
2014-10-17,169808.4,547.140000000014,170355.54,221613.70648207626
2014-10-20,171360.9,547.140000000014,171908.04,223639.844643165
2014-10-21,174715.2,547.140000000014,175262.34000000003,228017.47764396374
2014-10-22,173439.9,547.140000000014,173987.04,226353.1079197534
2014-10-23,175573.8,547.140000000014,176120.94,229138.02014000932
2014-10-24,176812.19999999998,547.140000000014,177359.34,230754.23237749227
2014-10-27,176546.7,547.140000000014,177093.84000000003,230407.73338762493
2014-10-28,178654.5,547.140000000014,179201.64,233158.58299531759
2014-10-29,178407.0,547.140000000014,178954.14,232835.5754623904
2014-10-30,179518.5,547.140000000014,180065.64,234286.17292844524
2014-10-31,181624.5,547.140000000014,182171.64,237034.6733904439
2014-11-03,181602.9,547.140000000014,182150.04,237006.48364211572
2014-11-04,181089.0,547.140000000014,181636.14,236335.80254647415
2014-11-05,182121.3,547.140000000014,182668.44,237683.03760199228
2014-11-06,182808.9,547.140000000014,183356.04,238580.41125710637
2014-11-07,182872.80000000002,547.140000000014,183419.94000000003,238663.80592924394
2014-11-10,183443.4,547.140000000014,183990.54,239408.48511424699
2014-11-11,183571.2,547.140000000014,184118.34000000003,239575.27445852215
2014-11-12,183442.5,547.140000000014,183989.64,239407.31054140002
2014-11-13,183539.69999999998,547.140000000014,184086.84,239534.16440887688
2014-11-14,183583.8,547.140000000014,184130.94,239591.7184783803
2014-11-17,183718.8,547.140000000014,184265.94,239767.9044054315
2014-11-18,184662.00000000003,547.140000000014,185209.14000000004,240998.8567490959
2014-11-19,184384.8,547.140000000014,184931.94,240637.0883122174
2014-11-20,184747.5,547.140000000014,185294.64,241110.44116956164
2014-11-21,185715.0,547.140000000014,186262.14,242373.10698009518
2014-11-24,186246.9,547.140000000014,186794.04,243067.27953267688
2014-11-25,186032.7,547.140000000014,186579.84000000003,242787.73119508903
2014-11-26,186554.69999999998,547.140000000014,187101.84,243468.9834463536
2014-11-28,186080.4,547.140000000014,186627.54,242849.9835559804
2014-12-01,184809.6,547.140000000014,185356.74000000002,241191.48669600516
2014-12-02,185989.50000000003,547.140000000014,186536.64000000004,242731.3516984326
2014-12-03,186689.69999999998,547.140000000014,187236.84,243645.1693734048
2014-12-04,186472.80000000002,547.140000000014,187019.94000000003,243362.09731727588
2014-12-05,186783.3,547.140000000014,187330.44,243767.3249494936
2014-12-08,185427.9,547.140000000014,185975.04,241998.4182418996
2014-12-09,185383.80000000002,547.140000000014,185930.94000000003,241940.86417239622
2014-12-10,182352.6,547.140000000014,182899.74000000002,237984.90282367336
2014-12-11,183179.69999999998,547.140000000014,183726.84,239064.33527007367
2014-12-12,180209.69999999998,547.140000000014,180756.84,235188.24487494738
2014-12-15,179066.7,547.140000000014,179613.84000000003,233696.53735924728
2014-12-16,177546.6,547.140000000014,178093.74000000002,231712.6838206508
2014-12-17,181160.1,547.140000000014,181707.24000000002,236428.59380138785
2014-12-18,185510.7,547.140000000014,186057.84000000003,242106.4789438244
2014-12-19,186358.5,547.140000000014,186905.64,243212.92656570591
2014-12-22,187068.6,547.140000000014,187615.74000000002,244139.6645419952
2014-12-23,187395.30000000002,547.140000000014,187942.44000000003,244566.0344854591
2014-12-24,187369.2,547.140000000014,187916.34000000003,244531.97187289587
2014-12-26,187989.3,547.140000000014,188536.44,245341.25256448437
2014-12-29,188151.30000000002,547.140000000014,188698.44000000003,245552.6756769458
2014-12-30,187231.5,547.140000000014,187778.64,244352.2622273036
2014-12-31,185301.0,547.140000000014,185848.14,241832.80347047152
2015-01-02,185237.99999999997,547.140000000014,185785.13999999998,241750.58337118092
2015-01-05,181852.19999999998,547.140000000014,182399.34,237331.84032073693
2015-01-06,180234.9,547.140000000014,180782.04,235221.13291466358
2015-01-07,182331.0,547.140000000014,182878.14,237956.71307534518
2015-01-08,185592.59999999998,547.140000000014,186139.74,242213.36507290206
2015-01-09,184032.9,547.140000000014,184580.04,240177.83032903727
2015-01-12,182543.4,547.140000000014,183090.54,238233.9122672391
2015-01-13,182072.7,547.140000000014,182619.84000000003,237619.61066825394
2015-01-14,181014.3,547.140000000014,181561.44,236238.31300017255
2015-01-15,179340.30000000002,547.140000000014,179887.44000000003,234053.6075047377
2015-01-16,181747.80000000002,547.140000000014,182294.94000000003,237195.58987048402
2015-01-20,182029.5,547.140000000014,182576.64,237563.2311715975
2015-01-21,182890.8,547.140000000014,183437.94,238687.2973861841
2015-01-22,185683.5,547.140000000014,186230.64,242331.99693044985
2015-01-23,184663.80000000002,547.140000000014,185210.94000000003,241001.20589478983
2015-01-26,185138.1,547.140000000014,185685.24000000002,241620.20578516304
2015-01-27,182659.5,547.140000000014,183206.64,238385.43216450306
2015-01-28,180194.4,547.140000000014,180741.54,235168.27713654825
2015-01-29,181912.5,547.140000000014,182459.64,237410.53670148648
2015-01-30,179549.1,547.140000000014,180096.24000000002,234326.10840524355
2015-02-02,181876.5,547.140000000014,182423.64,237363.55378760616
2015-02-03,184502.7,547.140000000014,185049.84000000003,240790.95735517546
2015-02-04,183735.9,547.140000000014,184283.04,239790.22128952466
2015-02-05,185626.8,547.140000000014,186173.94,242257.99884108838
2015-02-06,184992.3,547.140000000014,185539.44,241429.92498394774
2015-02-09,184206.6,547.140000000014,184753.74000000002,240404.52288850982
2015-02-10,186173.1,547.140000000014,186720.24000000002,242970.96455922225
2015-02-11,186167.7,547.140000000014,186714.84000000003,242963.9171221402
2015-02-12,187963.2,547.140000000014,188510.34000000003,245307.1899519211
2015-02-13,188729.09999999998,547.140000000014,189276.24,246306.75144472482
2015-02-17,189030.6,547.140000000014,189577.74000000002,246700.23334847257
2015-02-18,188971.19999999998,547.140000000014,189518.34,246622.71154057002
2015-02-19,188770.49999999997,547.140000000014,189317.63999999998,246360.78179568722
2015-02-20,189927.00000000003,547.140000000014,190474.14000000004,247870.10790409253
2015-02-23,189869.4,547.140000000014,190416.54,247794.93524188397
2015-02-24,190393.2,547.140000000014,190940.34000000003,248478.53663884263
2015-02-25,190247.40000000002,547.140000000014,190794.54000000004,248288.25583762734
2015-02-26,189966.59999999998,547.140000000014,190513.74,247921.7891093608
2015-02-27,189405.0,547.140000000014,189952.14,247188.85565282786
2015-03-02,190565.09999999998,547.140000000014,191112.24,248702.88005262113
2015-03-03,189700.2,547.140000000014,190247.34000000003,247574.1155466465
2015-03-04,188867.7,547.140000000014,189414.84000000003,246487.63566316414
2015-03-05,189093.6,547.140000000014,189640.74000000002,246782.4534477631
2015-03-06,186413.40000000002,547.140000000014,186960.54000000004,243284.5755093734
2015-03-09,187148.69999999998,547.140000000014,187695.84,244244.20152537883
2015-03-10,183974.4,547.140000000014,184521.54,240101.48309398172
2015-03-11,183621.6,547.140000000014,184168.74000000002,239641.0505379546
2015-03-12,185935.49999999997,547.140000000014,186482.63999999998,242660.87732761208
2015-03-13,184806.0,547.140000000014,185353.14,241186.78840461708
2015-03-16,187307.1,547.140000000014,187854.24000000002,244450.92634645224
2015-03-17,186685.2,547.140000000014,187232.34000000003,243639.29650916974
2015-03-18,188955.0,547.140000000014,189502.14,246601.56922932382
2015-03-19,188034.3,547.140000000014,188581.44,245399.98120683467
2015-03-20,189729.0,547.140000000014,190276.14,247611.70187775066
2015-03-23,189397.80000000002,547.140000000014,189944.94000000003,247179.45907005176
2015-03-24,188235.0,547.140000000014,188782.14,245661.91095171747
2015-03-25,185494.50000000003,547.140000000014,186041.64000000004,242085.33663257823
2015-03-26,185053.5,547.140000000014,185600.64,241509.79593754432
2015-03-27,185491.8,547.140000000014,186038.94,242081.8129140372
2015-03-30,187761.59999999998,547.140000000014,188308.74,245044.08563419126
2015-03-31,186110.09999999998,547.140000000014,186657.24,242888.74445993165
2015-04-01,185372.1,547.140000000014,185919.24000000002,241925.59472538513
2015-04-02,186026.4,547.140000000014,186573.54,242779.50918515993
2015-04-06,187255.8,547.140000000014,187802.94,244383.9756941728
2015-04-07,186869.69999999998,547.140000000014,187416.84,243880.0839428064
2015-04-08,187371.0,547.140000000014,187918.14,244534.32101858984
2015-04-09,188206.19999999998,547.140000000014,188753.34,245624.32462061322
2015-04-10,189185.4,547.140000000014,189732.54,246902.2598781579
2015-04-13,188318.69999999998,547.140000000014,188865.84,245771.14622648922
2015-04-14,188625.6,547.140000000014,189172.74000000002,246171.675567319
2015-04-15,189596.7,547.140000000014,190143.84000000003,247439.0396692406
2015-04-16,189449.09999999998,547.140000000014,189996.24,247246.40972233124
2015-04-17,187306.19999999998,547.140000000014,187853.34,244449.75177360527
2015-04-20,189036.0,547.140000000014,189583.14,246707.28078555464
2015-04-21,188756.1,547.140000000014,189303.24000000002,246341.98863013517
2015-04-22,189716.4,547.140000000014,190263.54,247595.25785789266
2015-04-23,190163.69999999998,547.140000000014,190710.84,248179.0205628556
2015-04-24,190592.1,547.140000000014,191139.24000000002,248738.11723803147
2015-04-27,189802.80000000002,547.140000000014,190349.94000000003,247708.01685120547
2015-04-28,190328.40000000002,547.140000000014,190875.54000000004,248393.96739385815
2015-04-29,189616.5,547.140000000014,190163.64,247464.8802718748
2015-04-30,187695.90000000002,547.140000000014,188243.04000000004,244958.3418163598
2015-05-01,189746.1,547.140000000014,190293.24000000002,247634.01876184394
2015-05-04,190304.09999999998,547.140000000014,190851.24,248362.25392698887
2015-05-05,188051.4,547.140000000014,188598.54,245422.29809092794
2015-05-06,187213.5,547.140000000014,187760.64,244328.77077036354
2015-05-07,187920.0,547.140000000014,188467.14,245250.81045526476
2015-05-08,190449.0,547.140000000014,190996.14,248551.36015535714
2015-05-11,189479.69999999998,547.140000000014,190026.84,247286.34519912954
2015-05-12,188920.8,547.140000000014,189467.94,246556.9354611376
2015-05-13,188863.2,547.140000000014,189410.34000000003,246481.7627989291
2015-05-14,190899.0,547.140000000014,191446.14,249138.64657886108
2015-05-15,191045.7,547.140000000014,191592.84000000003,249330.10195292337
2015-05-18,191627.99999999997,547.140000000014,192175.13999999998,250090.0505849375
2015-05-19,191504.69999999998,547.140000000014,192051.84,249929.1341048974
2015-05-20,191326.5,547.140000000014,191873.64,249696.56868118985
2015-05-21,191773.80000000002,547.140000000014,192320.94000000003,250280.33138615286
2015-05-22,191345.4,547.140000000014,191892.54,249721.23471097703
2015-05-26,189377.99999999997,547.140000000014,189925.13999999998,247153.6184674176
2015-05-27,191113.2,547.140000000014,191660.34000000003,249418.19491644902
2015-05-28,190871.1,547.140000000014,191418.24000000002,249102.23482060386
2015-05-29,189665.09999999998,547.140000000014,190212.24,247528.30720561315
2015-06-01,190055.7,547.140000000014,190602.84000000003,248038.0718212146
2015-06-02,189864.0,547.140000000014,190411.14,247787.88780480187
2015-06-03,190266.30000000002,547.140000000014,190813.44000000003,248312.92186741446
2015-06-04,188625.6,547.140000000014,189172.74000000002,246171.67556731895
2015-06-05,188354.69999999998,547.140000000014,188901.84,245818.12914036954
2015-06-08,187135.2,547.140000000014,187682.34000000003,244226.58293267374
2015-06-09,187213.5,547.140000000014,187760.64,244328.77077036345
2015-06-10,189467.99999999997,547.140000000014,190015.13999999998,247271.0757521184
2015-06-11,189797.40000000002,547.140000000014,190344.54000000004,247700.96941412336
2015-06-12,188469.90000000002,547.140000000014,189017.04000000004,245968.47446478662
2015-06-15,187598.69999999998,547.140000000014,188145.84,244831.48794888286
2015-06-16,188666.1,547.140000000014,189213.24000000002,246224.53134543434
2015-06-17,189039.6,547.140000000014,189586.74000000002,246711.97907694263
2015-06-18,190911.59999999998,547.140000000014,191458.74,249155.09059871917
2015-06-19,189899.09999999998,547.140000000014,190446.24,247833.6961458352
2015-06-22,191056.5,547.140000000014,191603.64,249344.19682708743
2015-06-23,191177.99999999997,547.140000000014,191725.13999999998,249502.7641614335
2015-06-24,189772.19999999998,547.140000000014,190319.34,247668.08137440705
2015-06-25,189207.9,547.140000000014,189755.04,246931.62419933308
2015-06-26,189134.09999999998,547.140000000014,189681.24,246835.30922587842
2015-06-29,185187.59999999998,547.140000000014,185734.74,241684.80729174847
2015-06-30,185679.90000000002,547.140000000014,186227.04000000004,242327.29863906186
2015-07-01,186967.80000000002,547.140000000014,187514.94000000003,244008.11238313027
2015-07-02,186910.2,547.140000000014,187457.34000000003,243932.93972092177
2015-07-06,186188.40000000002,547.140000000014,186735.54000000004,242990.93229762136
2015-07-07,187320.6,547.140000000014,187867.74000000002,244468.54493915738
2015-07-08,184201.2,547.140000000014,184748.34000000003,240397.47545142774
2015-07-09,184617.9,547.140000000014,185165.04,240941.30267959242
2015-07-10,186895.8,547.140000000014,187442.94,243914.14655536963
2015-07-13,188964.0,547.140000000014,189511.14,246613.31495779395
2015-07-14,189805.49999999997,547.140000000014,190352.63999999998,247711.54056974637
2015-07-15,189666.0,547.140000000014,190213.14,247529.48177846018
2015-07-16,191186.1,547.140000000014,191733.24000000002,249513.33531705663
2015-07-17,191397.59999999998,547.140000000014,191944.74,249789.3599361035
2015-07-20,191545.2,547.140000000014,192092.34000000003,249981.98988301284
2015-07-21,190728.9,547.140000000014,191276.04,248916.6523107766
2015-07-22,190273.5,547.140000000014,190820.64,248322.3184501906
2015-07-23,189193.5,547.140000000014,189740.64,246912.83103378103
2015-07-24,187168.5,547.140000000014,187715.64,244270.04212801307
2015-07-27,186087.59999999998,547.140000000014,186634.74,242859.38013875647
2015-07-28,188392.5,547.140000000014,188939.64,245867.46119994394
2015-07-29,189771.30000000002,547.140000000014,190318.44000000003,247666.9068015602
2015-07-30,189776.7,547.140000000014,190323.84000000003,247673.95423864224
2015-07-31,189345.6,547.140000000014,189892.74000000002,247111.33384492542
2015-08-03,188823.6,547.140000000014,189370.74000000002,246430.08159366075
2015-08-04,188398.80000000002,547.140000000014,188945.94000000003,245875.683209873
2015-08-05,188985.6,547.140000000014,189532.74000000002,246641.5047061222
2015-08-06,-187520.4,375587.94,188067.54,244729.3001111932
2015-08-07,-186981.30000000002,375587.94,188606.63999999998,244025.73097583544
2015-08-10,-189376.19999999998,375587.94,186211.74000000002,247151.2693217236
2015-08-11,-187566.30000000002,375587.94,188021.63999999998,244789.20332639062
2015-08-12,-187744.50000000003,375587.94,187843.43999999997,245021.7687500982
2015-08-13,-187505.09999999998,375587.94,188082.84000000003,244709.33237279407
2015-08-14,-188238.6,375587.94,187349.34,245666.60924310557
2015-08-17,-189219.6,375587.94,186368.34,246946.89364634428
2015-08-18,-188722.80000000002,375587.94,186865.13999999998,246298.5294347959
2015-08-19,-187164.90000000002,375587.94,188423.03999999998,244265.3438366251
2015-08-20,-183215.7,375587.94,192372.24,239111.3181839541
2015-08-21,-177380.1,375587.94,198207.84,231495.3878439544
2015-08-24,-170388.9,375587.94,205199.04,222371.30596839648
2015-08-25,-168084.9,375587.94,207503.04,219364.39948005605
2015-08-26,-174645.9,375587.94,200942.04,227927.0355347442
2015-08-27,-178889.4,375587.94,196698.54,233465.14650838682
2015-08-28,-178998.3,375587.94,196589.64,233607.26982287478
2015-08-31,-177496.2,375587.94,198091.74,231646.90774121849
2015-09-01,-172246.5,375587.94,203341.44,224795.62432462096
2015-09-02,-175397.4,375587.94,200190.54,228907.80386199587
2015-09-03,-175601.7,375587.94,199986.24,229174.43189826672
2015-09-04,-172909.8,375587.94,202678.14,225661.28451286588
2015-09-08,-177246.9,375587.94,198341.04,231321.5510625973
2015-09-09,-174783.6,375587.94,200804.34,228106.74518033647
2015-09-10,-175706.1,375587.94,199881.84,229310.68234851965
2015-09-11,-176494.5,375587.94,199093.44,230339.60816249865
2015-09-14,-175772.7,375587.94,199815.24,229397.60073919827
2015-09-15,-178028.1,375587.94,197559.84,232341.08029380022
2015-09-16,-179577.9,375587.94,196010.04,234363.69473634794
2015-09-17,-179118.0,375587.94,196469.94,233763.48801152688
2015-09-18,-176222.7,375587.94,199365.24,229984.88716270222
2015-09-21,-177027.3,375587.94,198560.64,231034.95528792735
2015-09-22,-174846.6,375587.94,200741.34,228188.96527962704
2015-09-23,-174488.4,375587.94,201099.54,227721.48528651788
2015-09-24,-173901.6,375587.94,201686.34,226955.66379026868
2015-09-25,-173820.6,375587.94,201767.34,226849.95223403795
2015-09-28,-169359.3,375587.94,206228.64,221027.59463141943
2015-09-29,-169568.1,375587.94,206019.84,221300.09553192527
2015-09-30,-172802.7,375587.94,202785.24,225521.5103440719
2015-10-01,-173143.8,375587.94,202444.14,225966.67345308792
2015-10-02,-175622.4,375587.94,199965.54,229201.44707374787
2015-10-05,-178834.5,375587.94,196753.44,233393.49756471932
2015-10-06,-178192.80000000002,375587.94,197395.13999999998,232556.02712480264
2015-10-07,-179624.69999999998,375587.94,195963.24000000002,234424.77252439232
2015-10-08,-181208.7,375587.94,194379.24,236492.02073512637
2015-10-09,-181340.1,375587.94,194247.84,236663.50837078955
2015-10-12,-181571.4,375587.94,194016.54,236965.37359247057
2015-10-13,-180332.1,375587.94,195255.84,235347.9867821406
2015-10-14,-179481.6,375587.94,196106.34,234238.01544171805
2015-10-15,-182147.4,375587.94,193440.54,237717.10021455563
2015-10-16,-182979.9,375587.94,192608.04,238803.580098038
2015-10-19,-183029.4,375587.94,192558.54,238868.18160462342
2015-10-20,-182769.3,375587.94,192818.64,238528.7300518381
2015-10-21,-181704.6,375587.94,193883.34,237139.2103738277
2015-10-22,-184725.90000000002,375587.94,190862.03999999998,241082.25142123346
2015-10-23,-186763.5,375587.94,188824.44,243741.4843468595
2015-10-26,-186406.19999999998,375587.94,189181.74000000002,243275.1789265973
2015-10-27,-185930.09999999998,375587.94,189657.84000000003,242653.82989053006
2015-10-28,-188131.5,375587.94,187456.44,245526.83507431156
2015-10-29,-188046.9,375587.94,187541.04,245416.4252266928
2015-10-30,-187142.40000000002,375587.94,188445.53999999998,244235.9795154498
2015-11-02,-189364.50000000003,375587.94,186223.43999999997,247135.9998747125
2015-11-03,-189881.1,375587.94,185706.84,247810.20468889503
2015-11-04,-189207.9,375587.94,186380.04,246931.62419933308
2015-11-05,-188993.69999999998,375587.94,186594.24000000002,246652.07586174516
2015-11-06,-188927.99999999997,375587.94,186659.94000000003,246566.3320439136
2015-11-09,-187072.19999999998,375587.94,188515.74000000002,244144.36283338317
2015-11-10,-187354.8,375587.94,188233.14,244513.17870734364
2015-11-11,-186750.0,375587.94,188837.94,243723.8657541543
2015-11-12,-184137.3,375587.94,191450.64,240314.08077929015
2015-11-13,-182073.6,375587.94,193514.34,237620.78524110085
2015-11-16,-184787.1,375587.94,190800.84,241162.12237482987
2015-11-17,-184539.6,375587.94,191048.34,240839.1148419027
2015-11-18,-187522.19999999998,375587.94,188065.74000000002,244731.64925688712
2015-11-19,-187311.59999999998,375587.94,188276.34000000003,244456.79921068723
2015-11-20,-188025.30000000002,375587.94,187562.63999999998,245388.2354783646
2015-11-23,-187793.1,375587.94,187794.84,245085.19568383653
2015-11-24,-188022.59999999998,375587.94,187565.34000000003,245384.71175982352
2015-11-25,-187998.3,375587.94,187589.64,245352.99829295432
2015-11-27,-188109.90000000002,375587.94,187478.03999999998,245498.64532598332
2015-11-30,-187236.9,375587.94,188351.04,244359.30966438557
2015-12-01,-189236.7,375587.94,186351.24,246969.2105304373
2015-12-02,187155.90000000002,1276.1399999999558,188432.03999999998,244253.59810815487
2015-12-03,184465.8,1276.1399999999558,185741.93999999994,240742.799868448
2015-12-04,188252.1,1276.1399999999558,189528.23999999996,245684.22783581057
2015-12-07,186936.30000000002,1276.1399999999558,188212.43999999997,243967.0023334849
2015-12-08,185723.1,1276.1399999999558,186999.23999999996,242383.67813571816
2015-12-09,184285.8,1276.1399999999558,185561.93999999994,240507.88529904638
2015-12-10,184700.7,1276.1399999999558,185976.83999999997,241049.36338151706
2015-12-11,181113.3,1276.1399999999558,182389.43999999994,236367.51601334327
2015-12-14,181974.6,1276.1399999999558,183250.73999999996,237491.58222792993
2015-12-15,183906.9,1276.1399999999558,185183.03999999995,240013.39013045604
2015-12-16,186576.30000000002,1276.1399999999558,187852.43999999997,243497.17319468173
2015-12-17,183770.1,1276.1399999999558,185046.23999999996,239834.85505771084
2015-12-18,180499.5,1276.1399999999558,181775.63999999996,235566.45733168384
2015-12-21,181903.5,1276.1399999999558,183179.63999999996,237398.79097301632
2015-12-22,183507.3,1276.1399999999558,184783.43999999994,239491.8797863845
2015-12-23,185786.1,1276.1399999999558,187062.23999999996,242465.89823500867
2015-12-24,185489.09999999998,1276.1399999999558,186765.23999999993,242078.28919549604
2015-12-28,185085.0,1276.1399999999558,186361.13999999996,241550.90598718947
2015-12-29,187052.40000000002,1276.1399999999558,188328.53999999998,244118.52223074893
2015-12-30,185702.40000000002,1276.1399999999558,186978.53999999998,242356.66296023698
2015-12-31,183954.6,1276.1399999999558,185230.73999999996,240075.64249134748
2016-01-04,181139.4,1276.1399999999558,182415.53999999995,236401.57862590655
2016-01-05,181503.9,1276.1399999999558,182780.03999999995,236877.2806289448
2016-01-06,179123.4,1276.1399999999558,180399.53999999995,233770.53544860872
2016-01-07,174878.1,1276.1399999999558,176154.23999999996,228230.0753292721
2016-01-08,172982.7,1276.1399999999558,174258.83999999997,225756.4249134733
2016-01-11,173130.30000000002,1276.1399999999558,174406.43999999997,225949.05486038263
2016-01-12,174481.2,1276.1399999999558,175757.33999999997,227712.0887037416
2016-01-13,170125.2,1276.1399999999558,171401.33999999997,222027.15612422302
2016-01-14,172965.6,1276.1399999999558,174241.73999999996,225734.10802938018
2016-01-15,169229.69999999998,1276.1399999999558,170505.83999999994,220858.4561414501
2016-01-19,169319.69999999998,1276.1399999999558,170595.83999999994,220975.9134261509
2016-01-20,167339.69999999998,1276.1399999999558,168615.83999999994,218391.85316273334
2016-01-21,168209.1,1276.1399999999558,169485.23999999996,219526.49053294308
2016-01-22,171621.0,1276.1399999999558,172897.13999999996,223979.29619595033
2016-01-25,168937.19999999998,1276.1399999999558,170213.33999999994,220476.71996617253
2016-01-26,171326.7,1276.1399999999558,172602.83999999997,223595.21087497874
2016-01-27,169465.5,1276.1399999999558,170741.63999999996,221166.19422736627
2016-01-28,170402.4,1276.1399999999558,171678.53999999995,222388.92456110154
2016-01-29,-174621.6,350519.33999999997,175897.73999999996,227895.32206787492
2016-02-01,-174544.2,350519.33999999997,175975.13999999996,227794.30880303224
2016-02-02,-171272.7,350519.33999999997,179246.63999999996,223524.73650415824
2016-02-03,-172127.7,350519.33999999997,178391.63999999996,224640.58070881583
2016-02-04,-172390.5,350519.33999999997,178128.83999999997,224983.55598014215
2016-02-05,-169204.5,350519.33999999997,181314.83999999997,220825.56810173392
2016-02-08,-166809.6,350519.33999999997,183709.73999999996,217700.02975584572
2016-02-09,-166698.9,350519.33999999997,183820.43999999997,217555.55729566375
2016-02-10,-166667.4,350519.33999999997,183851.93999999997,217514.44724601845
2016-02-11,-164617.19999999998,350519.33999999997,185902.13999999998,214838.7703005343
2016-02-12,-167830.2,350519.33999999997,182689.13999999996,219031.99536435274
2016-02-16,-170602.19999999998,350519.33999999997,179917.13999999998,222649.67973313728
2016-02-17,-173413.8,350519.33999999997,177105.53999999998,226319.0453071902
2016-02-18,-172604.69999999998,350519.33999999997,177914.63999999998,225263.10431773003
2016-02-19,-172600.2,350519.33999999997,177919.13999999996,225257.23145349498
2016-02-22,-175095.0,350519.33999999997,175424.33999999997,228513.1473854011
2016-02-23,-172914.3,350519.33999999997,177605.03999999998,225667.15737710078
2016-02-24,-173682.0,350519.33999999997,176837.33999999997,226669.0680155986
2016-02-25,-175653.0,350519.33999999997,174866.33999999997,229241.38255054608
2016-02-26,-175324.5,350519.33999999997,175194.83999999997,228812.66346138815
2016-02-29,-173900.7,350519.33999999997,176618.63999999996,226954.48921742153
2016-03-01,-178051.5,350519.33999999997,172467.83999999997,232371.61918782227
2016-03-02,-178780.5,350519.33999999997,171738.83999999997,233323.02319389876
2016-03-03,-179406.0,350519.33999999997,171113.33999999997,234139.35132256933
2016-03-04,-179999.1,350519.33999999997,170520.23999999996,234913.39482874755
2016-03-07,-180158.4,350519.33999999997,170360.93999999997,235121.29422266796
2016-03-08,-178133.4,350519.33999999997,172385.93999999997,232478.5053169
2016-03-09,-179033.4,350519.33999999997,171485.93999999997,233653.07816390795
2016-03-10,-179061.3,350519.33999999997,171458.03999999998,233689.4899221652
2016-03-11,-181997.1,350519.33999999997,168522.23999999996,237520.94654910523
2016-03-14,-181767.6,350519.33999999997,168751.73999999996,237221.4304731182
2016-03-15,-181433.7,350519.33999999997,169085.63999999996,236785.66394687825
2016-03-16,-182449.8,350519.33999999997,168069.53999999998,238111.75669115025
2016-03-17,-183653.1,350519.33999999997,166866.23999999996,239682.1605875999
2016-03-18,-184462.19999999998,350519.33999999997,166057.13999999998,240738.1015770601
2016-03-21,-184644.0,350519.33999999997,165875.33999999997,240975.36529215568
2016-03-22,-184482.00000000003,350519.33999999997,166037.33999999994,240763.94217969428
2016-03-23,-183303.9,350519.33999999997,167215.43999999997,239226.42632296085
2016-03-24,-183234.6,350519.33999999997,167284.73999999996,239135.98421374123
2016-03-28,-183334.5,350519.33999999997,167184.83999999997,239266.36179975912
2016-03-29,-184950.90000000002,350519.33999999997,165568.43999999994,241375.8946329855
2016-03-30,-185755.49999999997,350519.33999999997,164763.84,242425.9627582106
2016-03-31,-185376.59999999998,350519.33999999997,165142.74,241931.46758962027
2016-04-01,-186550.2,350519.33999999997,163969.13999999996,243463.11058211868
2016-04-04,-185951.7,350519.33999999997,164567.63999999996,242682.01963885836
2016-04-05,-184065.30000000002,350519.33999999997,166454.03999999995,240220.11495152963
2016-04-06,-185999.4,350519.33999999997,164519.93999999997,242744.27199974973
2016-04-07,-183771.9,350519.33999999997,166747.43999999997,239837.20420340504
2016-04-08,-184284.0,350519.33999999997,166235.33999999997,240505.53615335256
2016-04-11,-183779.1,350519.33999999997,166740.23999999996,239846.60078618108
2016-04-12,-185554.8,350519.33999999997,164964.53999999998,242164.03301332777
2016-04-13,-187417.80000000002,350519.33999999997,163101.53999999995,244595.3988066343
2016-04-14,-187450.2,350519.33999999997,163069.13999999996,244637.6834291266
2016-04-15,-187265.7,350519.33999999997,163253.63999999996,244396.89599548993
2016-04-18,-188490.6,350519.33999999997,162028.73999999996,245995.48964026783
2016-04-19,159660.80000000002,1786.5399999999208,161447.33999999994,246754.26369943496
2016-04-20,159782.4,1786.5399999999208,161568.93999999992,246942.19535495623
2016-04-21,158952.48,1786.5399999999208,160739.01999999993,245659.56180602353
2016-04-22,158960.08,1786.5399999999208,160746.6199999999,245671.3075344936
2016-04-25,158672.04,1786.5399999999208,160458.57999999993,245226.14442547757
2016-04-26,158969.19999999998,1786.5399999999208,160755.7399999999,245685.40240865765
2016-04-27,159231.4,1786.5399999999208,161017.93999999992,246090.63004087546
2016-04-28,157761.56,1786.5399999999208,159548.09999999992,243819.00615476203
2016-04-29,156962.80000000002,1786.5399999999208,158749.33999999994,242584.53009255667
2016-05-02,158188.68,1786.5399999999208,159975.2199999999,244479.1160947805
2016-05-03,156816.12,1786.5399999999208,158602.65999999992,242357.8375330841
2016-05-04,155885.12,1786.5399999999208,157671.65999999992,240918.98579549935
2016-05-05,155847.88,1786.5399999999208,157634.41999999993,240861.431725996
2016-05-06,156342.63999999998,1786.5399999999208,158129.1799999999,241626.07864939817
2016-05-09,156460.44,1786.5399999999208,158246.97999999992,241808.13744068443
2016-05-10,158413.63999999998,1786.5399999999208,160200.1799999999,244826.78965749487
2016-05-11,156898.96,1786.5399999999208,158685.4999999999,242485.865973408
2016-05-12,156872.36000000002,1786.5399999999208,158658.89999999994,242444.75592376274
2016-05-13,155542.36,1786.5399999999208,157328.8999999999,240389.25344149876
2016-05-16,157066.15999999997,1786.5399999999208,158852.6999999999,242744.27199974973
2016-05-17,155587.96,1786.5399999999208,157374.4999999999,240459.72781231927
2016-05-18,155619.88,1786.5399999999208,157406.41999999993,240509.05987189364
2016-05-19,155043.04,1786.5399999999208,156829.57999999993,239617.5590810146
2016-05-20,155976.32,1786.5399999999208,157762.85999999993,241059.93453714042
2016-05-23,155651.04,1786.5399999999208,157437.57999999993,240557.21735862098
2016-05-24,157780.56,1786.5399999999208,159567.09999999992,243848.37047593732
2016-05-25,158881.04,1786.5399999999208,160667.57999999993,245549.1519584049
2016-05-26,158847.6,1786.5399999999208,160634.13999999993,245497.47075313653
2016-05-27,159528.56,1786.5399999999208,161315.09999999992,246549.8880240557
2016-05-31,159368.96,1786.5399999999208,161155.4999999999,246303.227726184
2016-06-01,159549.08,1786.5399999999208,161335.6199999999,246581.6014909249
2016-06-02,159999.76,1786.5399999999208,161786.29999999993,247278.12318920068
2016-06-03,159533.88,1786.5399999999208,161320.41999999993,246558.1100339848
2016-06-06,160315.15999999997,1786.5399999999208,162101.6999999999,247765.57092070897
2016-06-07,160521.88,1786.5399999999208,162308.41999999993,248085.05473509518
2016-06-08,161053.12,1786.5399999999208,162839.65999999992,248906.08115515375
2016-06-09,160776.48,1786.5399999999208,162563.01999999993,248478.53663884287
2016-06-10,159301.32,1786.5399999999208,161087.85999999993,246198.69074280042
2016-06-13,158008.56,1786.5399999999208,159795.09999999992,244200.74233003982
2016-06-14,157724.32,1786.5399999999208,159510.85999999993,243761.45208525888
2016-06-15,157434.0,1786.5399999999208,159220.53999999992,243312.7652577018
2016-06-16,157927.24,1786.5399999999208,159713.7799999999,244075.06303540996
2016-06-17,157412.71999999997,1786.5399999999208,159199.2599999999,243279.87721798554
2016-06-20,158327.0,1786.5399999999208,160113.53999999992,244692.88835293613
2016-06-21,158756.4,1786.5399999999208,160542.93999999992,245356.52201149563
2016-06-22,158494.19999999998,1786.5399999999208,160280.7399999999,244951.29437927785
2016-06-23,160612.32,1786.5399999999208,162398.85999999993,248224.82890388914
2016-06-24,154843.16,1786.5399999999208,156629.69999999992,239308.6464222516
2016-06-27,152041.04,1786.5399999999208,153827.57999999993,234977.99633533318
2016-06-28,154742.84,1786.5399999999208,156529.37999999992,239153.60280644655
2016-06-29,157378.52,1786.5399999999208,159165.0599999999,243227.0214398702
2016-06-30,159513.36000000002,1786.5399999999208,161299.89999999994,246526.39656711562
2016-07-01,159824.19999999998,1786.5399999999208,161610.7399999999,247006.79686154186
2016-07-05,158729.80000000002,1786.5399999999208,160516.33999999994,245315.41196185042
2016-07-06,159579.48,1786.5399999999208,161366.01999999993,246628.58440480533
2016-07-07,159440.4,1786.5399999999208,161226.93999999992,246413.63757380287
2016-07-08,161872.4,1786.5399999999208,163658.93999999992,250172.2706842284
2016-07-11,162424.15999999997,1786.5399999999208,164210.6999999999,251025.01057115613
2016-07-12,163562.63999999998,1786.5399999999208,165349.1799999999,252784.5206959741
2016-07-13,163584.68,1786.5399999999208,165371.2199999999,252818.5833085373
2016-07-14,164445.0,1786.5399999999208,166231.53999999992,254148.1997713503
2016-07-15,164292.24,1786.5399999999208,166078.7799999999,253912.11062910166
2016-07-18,164683.63999999998,1786.5399999999208,166470.1799999999,254517.01564531078
2016-07-19,164447.28000000003,1786.5399999999208,166233.81999999995,254151.72348989133
2016-07-20,165149.52,1786.5399999999208,166936.0599999999,255237.02880052666
2016-07-21,164552.92,1786.5399999999208,166339.45999999993,254314.98911562542
2016-07-22,165302.28000000003,1786.5399999999208,167088.81999999995,255473.11794277528
2016-07-25,164804.48,1786.5399999999208,166591.01999999993,254703.77272798505
2016-07-26,164857.68,1786.5399999999208,166644.2199999999,254785.9928272756
2016-07-27,164660.08,1786.5399999999208,166446.6199999999,254480.60388705356
2016-07-28,164924.56,1786.5399999999208,166711.09999999992,254889.35523781236
2016-07-29,165193.6,1786.5399999999208,166980.13999999993,255305.15402565314
2016-08-01,164983.84000000003,1786.5399999999208,166770.37999999995,254980.97191987897
2016-08-02,163934.28000000003,1786.5399999999208,165720.81999999995,253358.88681816097
2016-08-03,164448.04,1786.5399999999208,166234.57999999993,254152.8980627383
2016-08-04,164483.0,1786.5399999999208,166269.53999999992,254206.92841370066
2016-08-05,165898.12,1786.5399999999208,167684.65999999992,256393.98305482947
2016-08-08,165747.63999999998,1786.5399999999208,167534.1799999999,256161.41763112188
2016-08-09,165812.24,1786.5399999999208,167598.7799999999,256261.25632311756
2016-08-10,165337.24,1786.5399999999208,167123.7799999999,255527.14829373758
2016-08-11,166120.04,1786.5399999999208,167906.57999999993,256736.9583261558
2016-08-12,165987.80000000002,1786.5399999999208,167774.33999999994,256532.58265077643
2016-08-15,166451.4,1786.5399999999208,168237.93999999992,257249.0720874513
2016-08-16,165539.4,1786.5399999999208,167325.93999999992,255839.58467104172
2016-08-17,165848.71999999997,1786.5399999999208,167635.2599999999,256317.63581977392
2016-08-18,166213.52,1786.5399999999208,168000.0599999999,256881.43078633776
2016-08-19,165974.12,1786.5399999999208,167760.65999999992,256511.44033953024
2016-08-22,165880.63999999998,1786.5399999999208,167667.1799999999,256366.96787934823
2016-08-23,166204.4,1786.5399999999208,167990.93999999992,256867.3359121736
2016-08-24,165333.44,1786.5399999999208,167119.97999999992,255521.27542950248
2016-08-25,165107.71999999997,1786.5399999999208,166894.2599999999,255172.4272939411
2016-08-26,164847.04,1786.5399999999208,166633.57999999993,254769.5488074174
2016-08-29,165708.88,1786.5399999999208,167495.41999999993,256101.51441592444
2016-08-30,165385.12,1786.5399999999208,167171.65999999992,255601.146383099
2016-08-31,164992.19999999998,1786.5399999999208,166778.7399999999,254993.89222119586
2016-09-01,164985.36000000002,1786.5399999999208,166771.89999999994,254983.32106557282
2016-09-02,165678.48,1786.5399999999208,167465.01999999993,256054.5315020441
2016-09-06,166172.48,1786.5399999999208,167959.01999999993,256818.00385259927
2016-09-07,166148.15999999997,1786.5399999999208,167934.6999999999,256780.417521495
2016-09-08,165778.80000000002,1786.5399999999208,167565.33999999994,256209.57511784916
2016-09-09,161713.56,1786.5399999999208,163500.09999999992,249926.78495920348
2016-09-12,164087.04,1786.5399999999208,165873.57999999993,253594.97596040939
2016-09-13,161653.52,1786.5399999999208,163440.0599999999,249833.99370428987
2016-09-14,161558.52,1786.5399999999208,163345.0599999999,249687.17209841387
2016-09-15,163191.76,1786.5399999999208,164978.29999999993,252211.32914663403
2016-09-16,162576.15999999997,1786.5399999999208,164362.6999999999,251259.92514055752
2016-09-19,162573.12,1786.5399999999208,164359.65999999992,251255.2268491695
2016-09-20,162621.76,1786.5399999999208,164408.29999999993,251330.39951137805
2016-09-21,164397.12,1786.5399999999208,166183.65999999992,254074.20168198863
2016-09-22,165465.68,1786.5399999999208,167252.2199999999,255725.65110488186
2016-09-23,164516.44,1786.5399999999208,166302.97999999992,254258.60961896894
2016-09-26,163103.6,1786.5399999999208,164890.13999999993,252075.0786963811
2016-09-27,164154.68,1786.5399999999208,165941.2199999999,253699.51294379315
2016-09-28,165024.12,1786.5399999999208,166810.65999999992,255043.2242807703
2016-09-29,163485.88,1786.5399999999208,165272.41999999993,252665.88883842618
2016-09-30,164788.52,1786.5399999999208,166575.0599999999,254679.10669819784
2016-10-03,164251.19999999998,1786.5399999999208,166037.7399999999,253848.68369536317
2016-10-04,163437.24,1786.5399999999208,165223.7799999999,252590.71617621763
2016-10-05,164139.48,1786.5399999999208,165926.01999999993,253676.02148685302
2016-10-06,164218.52,1786.5399999999208,166005.0599999999,253798.17706294186
2016-10-07,163684.24,1786.5399999999208,165470.7799999999,252972.45235149522
2016-10-10,164438.15999999997,1786.5399999999208,166224.6999999999,254137.62861572715
2016-10-11,162391.48,1786.5399999999208,164178.01999999993,250974.5039387347
2016-10-12,162577.68,1786.5399999999208,164364.2199999999,251262.27428625163
2016-10-13,162073.80000000002,1786.5399999999208,163860.33999999994,250483.5324886854
2016-10-14,162106.48,1786.5399999999208,163893.01999999993,250534.0391211067
2016-10-17,161614.0,1786.5399999999208,163400.53999999992,249772.91591624552
2016-10-18,162609.6,1786.5399999999208,164396.13999999993,251311.60634582597
2016-10-19,162966.04,1786.5399999999208,164752.57999999993,251862.48101107273
2016-10-20,162741.84000000003,1786.5399999999208,164528.37999999995,251515.9820212054
2016-10-21,162728.15999999997,1786.5399999999208,164514.6999999999,251494.8397099592
2016-10-24,163501.08,1786.5399999999208,165287.6199999999,252689.3802953663
2016-10-25,162880.15999999997,1786.5399999999208,164666.6999999999,251729.7542793608
2016-10-26,162596.68,1786.5399999999208,164383.2199999999,251291.6386074268
2016-10-27,162111.04,1786.5399999999208,163897.57999999993,250541.08655818875
2016-10-28,161607.15999999997,1786.5399999999208,163393.6999999999,249762.34476062245
2016-10-31,161587.4,1786.5399999999208,163373.93999999992,249731.80586660028
2016-11-01,160490.71999999997,1786.5399999999208,162277.2599999999,248036.89724836772
2016-11-02,159443.44,1786.5399999999208,161229.97999999992,246418.33586519075
2016-11-03,158738.15999999997,1786.5399999999208,160524.6999999999,245328.33226316734
2016-11-04,158473.68,1786.5399999999208,160260.2199999999,244919.58091240856
2016-11-07,161995.52,1786.5399999999208,163782.0599999999,250362.55148544355
2016-11-08,-162606.56,326999.6599999999,164393.09999999992,251306.90805443795
2016-11-09,-164407.76,326999.6599999999,162591.8999999999,254090.64570184686
2016-11-10,-164728.48,326999.6599999999,162271.1799999999,254586.3154432842
2016-11-11,-164498.19999999998,326999.6599999999,162501.45999999993,254230.41987064076
2016-11-14,-164479.19999999998,326999.6599999999,162520.45999999993,254201.0555494656
2016-11-15,-165709.63999999998,326999.6599999999,161290.01999999993,256102.6889887715
2016-11-16,-165447.44,326999.6599999999,161552.2199999999,255697.46135655377
2016-11-17,-166221.12,326999.6599999999,160778.53999999992,256893.17651480786
2016-11-18,-165824.4,326999.6599999999,161175.25999999992,256280.04948866973
2016-11-21,-167061.68,326999.6599999999,159937.97999999992,258192.25408359867
2016-11-22,-167423.44,326999.6599999999,159576.2199999999,258751.3507587745
2016-11-23,-167558.71999999997,326999.6599999999,159440.93999999994,258960.4247255419
2016-11-25,-168214.6,326999.6599999999,158785.0599999999,259974.08109250976
2016-11-28,-167330.71999999997,326999.6599999999,159668.93999999994,258608.05287143946
2016-11-29,-167554.15999999997,326999.6599999999,159445.49999999994,258953.37728845983
2016-11-30,-167109.56,326999.6599999999,159890.09999999992,258266.25217296017
2016-12-01,-166522.08,326999.6599999999,160477.57999999993,257358.30736222301
2016-12-02,-166588.19999999998,326999.6599999999,160411.45999999993,257460.49519991272
2016-12-05,-167557.96,326999.6599999999,159441.69999999992,258959.2501526949
2016-12-06,-168129.48,326999.6599999999,158870.1799999999,259842.5289336449
2016-12-07,-170342.6,326999.6599999999,156657.0599999999,263262.8850641321
2016-12-08,-170710.44,326999.6599999999,156289.2199999999,263831.37832208397
2016-12-09,-171724.28000000003,326999.6599999999,155275.3799999999,265398.25849999266
2016-12-12,-171528.96,326999.6599999999,155470.69999999992,265096.3932783116
2016-12-13,-172650.71999999997,326999.6599999999,154348.93999999994,266830.06280049536
2016-12-14,155476.32,274.05999999988126,155750.3799999999,264664.1504706127
2016-12-15,156080.07,274.05999999988126,156354.1299999999,265691.90171174466
2016-12-16,155806.83000000002,274.05999999988126,156080.8899999999,265226.77086432953
2016-12-19,156114.57,274.05999999988126,156388.6299999999,265750.6303540951
2016-12-20,156682.44,274.05999999988126,156956.49999999988,266717.30380718264
2016-12-21,156297.41999999998,274.05999999988126,156571.47999999986,266061.89215855213
2016-12-22,156006.24,274.05999999988126,156280.29999999987,265566.22241711477
2016-12-23,156201.51,274.05999999988126,156475.5699999999,265898.626532818
2016-12-27,156552.72,274.05999999988126,156826.77999999988,266496.4841119451
2016-12-28,155244.48,274.05999999988126,155518.5399999999,264269.49399401795
2016-12-29,155198.94,274.05999999988126,155472.99999999988,264191.97218611545
2016-12-30,154479.27,274.05999999988126,154753.32999999987,262966.8927066861
2017-01-03,155790.27,274.05999999988126,156064.32999999987,265198.58111600124
2017-01-04,156681.75,274.05999999988126,156955.80999999988,266716.12923433556
2017-01-05,156561.0,274.05999999988126,156835.05999999988,266510.5789861092
2017-01-06,157111.62,274.05999999988126,157385.67999999988,267447.88811802154
2017-01-09,156554.1,274.05999999988126,156828.1599999999,266498.83325763914
2017-01-10,156554.1,274.05999999988126,156828.1599999999,266498.83325763914
2017-01-11,156997.08000000002,274.05999999988126,157271.1399999999,267252.9090254182
2017-01-12,156660.36000000002,274.05999999988126,156934.4199999999,266679.7174760783
2017-01-13,156950.16,274.05999999988126,157224.21999999988,267173.0380718216
2017-01-17,156484.41,274.05999999988126,156758.46999999988,266380.20140009123
2017-01-18,156760.41,274.05999999988126,157034.46999999988,266850.0305388944
2017-01-19,156194.61000000002,274.05999999988126,156468.6699999999,265886.88080434786
2017-01-20,156720.38999999998,274.05999999988126,156994.44999999987,266781.9053137679
2017-01-23,156298.8,274.05999999988126,156572.85999999987,266064.241304246
2017-01-24,157324.83000000002,274.05999999988126,157598.8899999999,267810.8311277469
2017-01-25,158587.53,274.05999999988126,158861.58999999988,269960.29943777143
2017-01-26,158470.91999999998,274.05999999988126,158744.97999999986,269761.7966266271
2017-01-27,158333.61000000002,274.05999999988126,158607.6699999999,269528.05663007253
2017-01-30,157382.1,274.05999999988126,157656.1599999999,267908.3206740485
2017-01-31,157242.03,274.05999999988126,157516.08999999988,267669.8823861059
2017-02-01,157288.95,274.05999999988126,157563.0099999999,267749.7533397025
2017-02-02,157378.65,274.05999999988126,157652.70999999988,267902.44780981354
2017-02-03,158521.98,274.05999999988126,158796.0399999999,269848.71501730575
2017-02-06,158186.63999999998,274.05999999988126,158460.69999999987,269277.8726136599
2017-02-07,158222.52,274.05999999988126,158496.57999999987,269338.9504017043
2017-02-08,158332.23,274.05999999988126,158606.2899999999,269525.7074843786
2017-02-09,159243.03,274.05999999988126,159517.08999999988,271076.1436424291
2017-02-10,159810.9,274.05999999988126,160084.95999999988,272042.81709551666
2017-02-13,160649.25,274.05999999988126,160923.30999999988,273469.92310463137
2017-02-14,161293.02,274.05999999988126,161567.07999999987,274565.7995708898
2017-02-15,162098.25,274.05999999988126,162372.30999999988,275936.52608334814
2017-02-16,161958.18,274.05999999988126,162232.23999999987,275698.08779540553
2017-02-17,162230.03999999998,274.05999999988126,162504.09999999986,276160.86949712667
2017-02-21,163211.22,274.05999999988126,163485.27999999988,277831.11208557204
2017-02-22,163034.58000000002,274.05999999988126,163308.6399999999,277530.421436738
2017-02-23,163102.88999999998,274.05999999988126,163376.94999999987,277646.7041485918
2017-02-24,163346.46000000002,274.05999999988126,163620.5199999999,278061.32836358564
2017-02-27,163512.75,274.05999999988126,163786.80999999988,278344.40041971457
2017-02-28,163091.16,274.05999999988126,163365.21999999988,277626.7364101927
2017-03-01,165321.24,274.05999999988126,165595.29999999987,281422.95585172245
2017-03-02,164352.48,274.05999999988126,164626.5399999999,279773.8555745233
2017-03-03,164435.28,274.05999999988126,164709.33999999988,279914.8043161642
2017-03-06,163896.38999999998,274.05999999988126,164170.44999999987,278997.462922651
2017-03-07,163418.91,274.05999999988126,163692.96999999988,278184.6585125214
2017-03-08,163045.62,274.05999999988126,163319.67999999988,277549.2146022901
2017-03-09,163176.03,274.05999999988126,163450.08999999988,277771.20887037466
2017-03-10,163709.4,274.05999999988126,163983.45999999988,278679.1536811118
2017-03-13,163769.43,274.05999999988126,164043.48999999987,278781.3415188015
2017-03-14,163216.05,274.05999999988126,163490.10999999987,277839.3340955011
2017-03-15,164582.94,274.05999999988126,164856.99999999988,280166.16290542396
2017-03-16,164315.22,274.05999999988126,164589.27999999988,279710.42864078487
2017-03-17,164099.25,274.05999999988126,164373.30999999988,279342.78733967134
2017-03-20,163769.43,274.05999999988126,164043.48999999987,278781.3415188015
2017-03-21,161737.38,274.05999999988126,162011.4399999999,275322.22448436305
2017-03-22,162043.05,274.05999999988126,162317.10999999987,275842.56025558757
2017-03-23,161871.24,274.05999999988126,162145.29999999987,275550.0916166826
2017-03-24,161734.62,274.05999999988126,162008.67999999988,275317.526192975
2017-03-27,161569.71000000002,274.05999999988126,161843.7699999999,275036.8032825401
2017-03-28,162741.33000000002,274.05999999988126,163015.3899999999,277031.22797675966
2017-03-29,162917.97,274.05999999988126,163192.02999999988,277331.9186255937
2017-03-30,163396.13999999998,274.05999999988126,163670.19999999987,278145.89760857023
2017-03-31,163027.68,274.05999999988126,163301.73999999987,277518.67570826795
2017-04-03,162759.96000000002,274.05999999988126,163034.0199999999,277062.9414436289
2017-04-04,162851.03999999998,274.05999999988126,163125.09999999986,277217.9850594339
2017-04-05,162353.55,274.05999999988126,162627.60999999987,276371.11803674116
2017-04-06,162666.81,274.05999999988126,162940.86999999988,276904.37410928274
2017-04-07,162532.26,274.05999999988126,162806.3199999999,276675.33240411617
2017-04-10,162644.03999999998,274.05999999988126,162918.09999999986,276865.61320533144
2017-04-11,162410.82,274.05999999988126,162684.8799999999,276468.60758304276
2017-04-12,161800.16999999998,274.05999999988126,162074.22999999986,275429.1106134407
2017-04-13,160697.55,274.05999999988126,160971.60999999987,273552.14320392197
2017-04-17,162081.69,274.05999999988126,162355.74999999988,275908.33633501997
2017-04-18,161611.11000000002,274.05999999988126,161885.1699999999,275107.2776533605
2017-04-19,161333.73,274.05999999988126,161607.7899999999,274635.09936886333
2017-04-20,162552.96000000002,274.05999999988126,162827.0199999999,276710.5695895264
2017-04-21,162059.61000000002,274.05999999988126,162333.6699999999,275870.7500039157
2017-04-24,163816.35,274.05999999988126,164090.4099999999,278861.212472398
2017-04-25,164814.09,274.05999999988126,165088.14999999988,280559.64480917156
2017-04-26,164734.05,274.05999999988126,165008.10999999987,280423.3943589186
2017-04-27,164825.13,274.05999999988126,165099.1899999999,280578.43797472364
2017-04-28,164509.8,274.05999999988126,164783.85999999987,280041.658183641
2017-05-01,164794.77,274.05999999988126,165068.82999999987,280526.75676945527
