,AMZN,AAPL,cash
2010-01-04,0,0,500000.0
2010-01-05,0,0,500000.0
2010-01-06,0,0,500000.0
2010-01-07,0,0,500000.0
2010-01-08,0,0,500000.0
2010-01-11,0,0,500000.0
2010-01-12,0,0,500000.0
2010-01-13,0,0,500000.0
2010-01-14,0,0,500000.0
2010-01-15,0,0,500000.0
2010-01-19,0,0,500000.0
2010-01-20,0,0,500000.0
2010-01-21,0,0,500000.0
2010-01-22,0,0,500000.0
2010-01-25,0,0,500000.0
2010-01-26,0,0,500000.0
2010-01-27,0,0,500000.0
2010-01-28,0,0,500000.0
2010-01-29,0,0,500000.0
2010-02-01,0,0,500000.0
2010-02-02,0,0,500000.0
2010-02-03,0,0,500000.0
2010-02-04,0,0,500000.0
2010-02-05,0,0,500000.0
2010-02-08,0,0,500000.0
2010-02-09,0,0,500000.0
2010-02-10,0,0,500000.0
2010-02-11,0,0,500000.0
2010-02-12,0,0,500000.0
2010-02-16,0,0,500000.0
2010-02-17,0,0,500000.0
2010-02-18,0,0,500000.0
2010-02-19,0,0,500000.0
2010-02-22,0,0,500000.0
2010-02-23,0,0,500000.0
2010-02-24,0,0,500000.0
2010-02-25,0,0,500000.0
2010-02-26,0,0,500000.0
2010-03-01,0,0,500000.0
2010-03-02,0,0,500000.0
2010-03-03,0,0,500000.0
2010-03-04,0,0,500000.0
2010-03-05,0,0,500000.0
2010-03-08,0,0,500000.0
2010-03-09,0,0,500000.0
2010-03-10,0,0,500000.0
2010-03-11,0,0,500000.0
2010-03-12,0,0,500000.0
2010-03-15,0,0,500000.0
2010-03-16,0,0,500000.0
2010-03-17,0,0,500000.0
2010-03-18,0,0,500000.0
2010-03-19,0,0,500000.0
2010-03-22,0,0,500000.0
2010-03-23,0,0,500000.0
2010-03-24,0,0,500000.0
2010-03-25,0,0,500000.0
2010-03-26,0,0,500000.0
2010-03-29,0,0,500000.0
2010-03-30,0,0,500000.0
2010-03-31,0,0,500000.0
2010-04-01,0,0,500000.0
2010-04-05,0,0,500000.0
2010-04-06,0,0,500000.0
2010-04-07,0,0,500000.0
2010-04-08,0,0,500000.0
2010-04-09,0,0,500000.0
2010-04-12,0,0,500000.0
2010-04-13,0,0,500000.0
2010-04-14,0,0,500000.0
2010-04-15,0,0,500000.0
2010-04-16,0,0,500000.0
2010-04-19,0,0,500000.0
2010-04-20,0,0,500000.0
2010-04-21,0,0,500000.0
2010-04-22,0,0,500000.0
2010-04-23,0,0,500000.0
2010-04-26,0,0,500000.0
2010-04-27,0,0,500000.0
2010-04-28,0,0,500000.0
2010-04-29,0,0,500000.0
2010-04-30,0,0,500000.0
2010-05-03,0,0,500000.0
2010-05-04,0,0,500000.0
2010-05-05,0,0,500000.0
2010-05-06,0,0,500000.0
2010-05-07,0,0,500000.0
2010-05-10,0,0,500000.0
2010-05-11,0,0,500000.0
2010-05-12,0,0,500000.0
2010-05-13,0,0,500000.0
2010-05-14,0,0,500000.0
2010-05-17,0,0,500000.0
2010-05-18,0,0,500000.0
2010-05-19,0,0,500000.0
2010-05-20,0,0,500000.0
2010-05-21,0,0,500000.0
2010-05-24,0,0,500000.0
2010-05-25,0,0,500000.0
2010-05-26,0,0,500000.0
2010-05-27,0,0,500000.0
2010-05-28,0,0,500000.0
2010-06-01,0,0,500000.0
2010-06-02,0,0,500000.0
2010-06-03,0,0,500000.0
2010-06-04,0,0,500000.0
2010-06-07,0,0,500000.0
2010-06-08,0,0,500000.0
2010-06-09,0,0,500000.0
2010-06-10,0,0,500000.0
2010-06-11,0,0,500000.0
2010-06-14,0,0,500000.0
2010-06-15,0,0,500000.0
2010-06-16,0,0,500000.0
2010-06-17,0,0,500000.0
2010-06-18,0,0,500000.0
2010-06-21,0,0,500000.0
2010-06-22,0,0,500000.0
2010-06-23,0,0,500000.0
2010-06-24,0,0,500000.0
2010-06-25,0,0,500000.0
2010-06-28,0,0,500000.0
2010-06-29,0,0,500000.0
2010-06-30,0,0,500000.0
2010-07-01,0,0,500000.0
2010-07-02,0,0,500000.0
2010-07-06,0,0,500000.0
2010-07-07,0,0,500000.0
2010-07-08,0,0,500000.0
2010-07-09,0,0,500000.0
2010-07-12,0,0,500000.0
2010-07-13,0,0,500000.0
2010-07-14,0,0,500000.0
2010-07-15,0,0,500000.0
2010-07-16,0,0,500000.0
2010-07-19,0,0,500000.0
2010-07-20,0,0,500000.0
2010-07-21,0,0,500000.0
2010-07-22,0,0,500000.0
2010-07-23,0,0,500000.0
2010-07-26,0,0,500000.0
2010-07-27,0,0,500000.0
2010-07-28,0,0,500000.0
2010-07-29,0,0,500000.0
2010-07-30,0,0,500000.0
2010-08-02,0,0,500000.0
2010-08-03,0,0,500000.0
2010-08-04,0,0,500000.0
2010-08-05,0,0,500000.0
2010-08-06,0,0,500000.0
2010-08-09,0,0,500000.0
2010-08-10,0,0,500000.0
2010-08-11,0,0,500000.0
2010-08-12,0,0,500000.0
2010-08-13,0,0,500000.0
2010-08-16,0,0,500000.0
2010-08-17,0,0,500000.0
2010-08-18,0,0,500000.0
2010-08-19,0,0,500000.0
2010-08-20,0,0,500000.0
2010-08-23,0,0,500000.0
2010-08-24,0,0,500000.0
2010-08-25,0,0,500000.0
2010-08-26,0,0,500000.0
2010-08-27,0,0,500000.0
2010-08-30,0,0,500000.0
2010-08-31,0,0,500000.0
2010-09-01,0,0,500000.0
2010-09-02,0,0,500000.0
2010-09-03,0,0,500000.0
2010-09-07,0,0,500000.0
2010-09-08,0,0,500000.0
2010-09-09,0,0,500000.0
2010-09-10,0,0,500000.0
2010-09-13,0,0,500000.0
2010-09-14,0,0,500000.0
2010-09-15,0,0,500000.0
2010-09-16,0,0,500000.0
2010-09-17,0,0,500000.0
2010-09-20,0,0,500000.0
2010-09-21,0,0,500000.0
2010-09-22,0,0,500000.0
2010-09-23,0,0,500000.0
2010-09-24,0,0,500000.0
2010-09-27,0,0,500000.0
2010-09-28,0,0,500000.0
2010-09-29,0,0,500000.0
2010-09-30,0,0,500000.0
2010-10-01,0,0,500000.0
2010-10-04,0,0,500000.0
2010-10-05,0,0,500000.0
2010-10-06,0,0,500000.0
2010-10-07,0,0,500000.0
2010-10-08,0,0,500000.0
2010-10-11,0,0,500000.0
2010-10-12,0,0,500000.0
2010-10-13,0,0,500000.0
2010-10-14,0,0,500000.0
2010-10-15,0,0,500000.0
2010-10-18,0,4072.3690000000006,495927.631
2010-10-19,0,3963.3887999999997,495927.631
2010-10-20,0,3976.7075,495927.631
2010-10-21,0,3963.7726000000002,495927.631
2010-10-22,0,3937.5197999999996,495927.631
2010-10-25,0,3955.0652,495927.631
2010-10-26,0,3944.9467,495927.631
2010-10-27,0,3942.1306999999997,495927.631
2010-10-28,0,3908.9607,495927.631
2010-10-29,0,3854.4083,495927.631
2010-11-01,0,3895.3876,495927.631
2010-11-02,0,3961.7237000000005,495927.631
2010-11-03,0,4005.7774000000004,495927.631
2010-11-04,0,4075.8266,495927.631
2010-11-05,0,4061.2286,495927.631
2010-11-08,0,4080.3093,495927.631
2010-11-09,0,4047.7817999999997,495927.631
2010-11-10,0,4072.7527999999998,495927.631
2010-11-11,0,4055.0812,495927.631
2010-11-12,0,3944.6903000000007,495927.631
2010-11-15,0,3932.0132999999996,495927.631
2010-11-16,0,3862.2192,495927.631
2010-11-17,0,3848.2605,495927.631
2010-11-18,0,3949.8138,495927.631
2010-11-19,0,3928.0429999999997,495927.631
2010-11-22,0,4012.9494,495927.631
2010-11-23,0,3953.6552,495927.631
2010-11-24,0,4031.3889000000004,495927.631
2010-11-26,0,4033.9508,495927.631
2010-11-29,0,4057.8986999999997,495927.631
2010-11-30,0,3984.6462,495927.631
2010-12-01,0,4051.8791,495927.631
2010-12-02,0,4074.2907999999998,495927.631
2010-12-03,0,4065.1973999999996,495927.631
2010-12-06,0,4099.9035,495927.631
2010-12-07,0,4075.058,495927.631
2010-12-08,0,4110.9161,495927.631
2010-12-09,0,4094.9081,495927.631
2010-12-10,0,4105.1525,495927.631
2010-12-13,0,4119.368,495927.631
2010-12-14,0,4101.6948999999995,495927.631
2010-12-15,0,4102.5913,495927.631
2010-12-16,0,4113.9889,495927.631
2010-12-17,0,4105.7934000000005,495927.631
2010-12-20,0,4126.2825,495927.631
2010-12-21,0,4151.7672999999995,495927.631
2010-12-22,0,4164.0614,495927.631
2010-12-23,0,4144.084199999999,495927.631
2010-12-27,0,4157.9151,495927.631
2010-12-28,0,4168.0317,495927.631
2010-12-29,0,4165.7269,495927.631
2010-12-30,0,4144.8524,495927.631
2010-12-31,0,4130.7659,495927.631
2011-01-03,0,4220.5372,495927.631
2011-01-04,0,4242.564,495927.631
2011-01-05,0,4277.2678000000005,495927.631
2011-01-06,0,4273.8106,495927.631
2011-01-07,0,4304.4174,495927.631
2011-01-10,0,4385.4801,495927.631
2011-01-11,0,4375.1068,495927.631
2011-01-12,0,4410.7086,495927.631
2011-01-13,0,4426.8444,495927.631
2011-01-14,0,4462.701,495927.631
2011-01-18,0,4362.4294,495927.631
2011-01-19,0,4339.250599999999,495927.631
2011-01-20,0,4260.3642,495927.631
2011-01-21,0,4184.0389000000005,495927.631
2011-01-24,0,4321.45,495927.631
2011-01-25,0,4372.0352,495927.631
2011-01-26,0,4403.4092,495927.631
2011-01-27,0,4395.2141,495927.631
2011-01-28,0,4304.1607,495927.631
2011-01-31,0,4345.3972,495927.631
2011-02-01,0,4418.520399999999,495927.631
2011-02-02,0,4409.4288,495927.631
2011-02-03,0,4398.1586,495927.631
2011-02-04,0,4437.3455,495927.631
2011-02-07,0,4506.2424,495927.631
2011-02-08,0,4548.7595,495927.631
2011-02-09,0,4586.6653,495927.631
2011-02-10,0,4540.3076,495927.631
2011-02-11,0,4569.889099999999,495927.631
2011-02-14,0,4599.728,495927.631
2011-02-15,0,4608.9484999999995,495927.631
2011-02-16,0,4650.3132000000005,495927.631
2011-02-17,0,4588.4586,495927.631
2011-02-18,0,4489.339099999999,495927.631
2011-02-22,0,4336.3049,495927.631
2011-02-23,0,4387.6579,495927.631
2011-02-24,0,4390.987,495927.631
2011-02-25,0,4458.6033,495927.631
2011-02-28,0,4523.2761,495927.631
2011-03-01,0,4473.3311,495927.631
2011-03-02,0,4509.3159,495927.631
2011-03-03,0,4604.5944,495927.631
2011-03-04,0,4610.2287,495927.631
2011-03-07,0,4550.8083,495927.631
2011-03-08,0,4555.930700000001,495927.631
2011-03-09,0,4513.798900000001,495927.631
2011-03-10,0,4439.522199999999,495927.631
2011-03-11,0,4507.6508,495927.631
2011-03-14,0,4527.758,495927.631
2011-03-15,0,4423.6427,495927.631
2011-03-16,0,4226.1719,495927.631
2011-03-17,0,4285.463699999999,495927.631
2011-03-18,0,4234.6233,495927.631
2011-03-21,0,4345.1412,495927.631
2011-03-22,0,4369.4733,495927.631
2011-03-23,0,4343.7321,495927.631
2011-03-24,0,4417.7521,495927.631
2011-03-25,0,4501.8883000000005,495927.631
2011-03-28,0,4487.8029,495927.631
2011-03-29,0,4494.4611,495927.631
2011-03-30,0,4464.622899999999,495927.631
2011-03-31,0,4463.0859,495927.631
2011-04-01,0,4412.5027,495927.631
2011-04-04,0,4369.344300000001,495927.631
2011-04-05,0,4339.8903,495927.631
2011-04-06,0,4329.0058,495927.631
2011-04-07,0,4329.5177,495927.631
2011-04-08,0,4290.843199999999,495927.631
2011-04-11,0,4236.2888,495927.631
2011-04-12,0,4256.7787,495927.631
2011-04-13,0,4304.5452000000005,495927.631
2011-04-14,0,4257.0339,495927.631
2011-04-15,0,4193.515399999999,495927.631
2011-04-18,0,4249.7345000000005,495927.631
2011-04-19,0,4326.6993999999995,495927.631
2011-04-20,0,4384.9674,495927.631
2011-04-21,0,4491.1324,495927.631
2011-04-25,0,4520.7138,495927.631
2011-04-26,0,4487.5469,495927.631
2011-04-27,0,4484.0878,495927.631
2011-04-28,0,4440.545999999999,495927.631
2011-04-29,0,4483.831,495927.631
2011-05-02,0,4434.527999999999,495927.631
2011-05-03,0,4459.1164,495927.631
2011-05-04,0,4476.6602,495927.631
2011-05-05,0,4440.545999999999,495927.631
2011-05-06,0,4439.3951,495927.631
2011-05-09,0,4451.4328000000005,495927.631
2011-05-10,0,4475.1236,495927.631
2011-05-11,0,4446.6934,495927.631
2011-05-12,0,4438.2416,495927.631
2011-05-13,0,4360.509099999999,495927.631
2011-05-16,0,4268.3044,495927.631
2011-05-17,0,4304.673,495927.631
2011-05-18,0,4352.4403,495927.631
2011-05-19,0,4360.8929,495927.631
2011-05-20,0,4292.8921,495927.631
2011-05-23,0,4282.3906,495927.631
2011-05-24,0,4254.0894,495927.631
2011-05-25,0,4312.8693,495927.631
2011-05-26,0,4290.0745,495927.631
2011-05-27,0,4320.9362,495927.631
2011-05-31,0,4454.3766,495927.631
2011-06-01,0,4424.6666,495927.631
2011-06-02,0,4432.2235,495927.631
2011-06-03,0,4398.1586,495927.631
2011-06-06,0,4329.0058,495927.631
2011-06-07,0,4252.1678999999995,495927.631
2011-06-08,0,4254.7279,495927.631
2011-06-09,0,4245.1248,495927.631
2011-06-10,0,4173.5386,495927.631
2011-06-13,0,4182.5024,495927.631
2011-06-14,0,4257.2899,495927.631
2011-06-15,0,4184.4238,495927.631
2011-06-16,0,4164.0614,495927.631
2011-06-17,0,4101.3111,495927.631
2011-06-20,0,4038.0489000000002,495927.631
2011-06-21,0,4165.8539,495927.631
2011-06-22,0,4131.4056,495927.631
2011-06-23,0,4241.795,495927.631
2011-06-24,0,4179.300700000001,495927.631
2011-06-27,0,4252.1678999999995,495927.631
2011-06-28,0,4293.404799999999,495927.631
2011-06-29,0,4277.779799999999,495927.631
2011-06-30,0,4298.654600000001,495927.631
2011-07-01,0,4395.8538,495927.631
2011-07-05,0,4474.868,495927.631
2011-07-06,0,4504.706999999999,495927.631
2011-07-07,0,4574.3717,495927.631
2011-07-08,0,4606.5159,495927.631
2011-07-11,0,4533.3922999999995,495927.631
2011-07-12,0,4530.191,495927.631
2011-07-13,0,4584.8728,495927.631
2011-07-14,0,4581.6708,495927.631
2011-07-15,0,4673.2353,495927.631
2011-07-18,0,4786.9545,495927.631
2011-07-19,0,4826.0139,495927.631
2011-07-20,0,4954.7164999999995,495927.631
2011-07-21,0,4959.7107000000005,495927.631
2011-07-22,0,5036.6749,495927.631
2011-07-25,0,5103.2669,495927.631
2011-07-26,0,5166.1461,495927.631
2011-07-27,0,5027.582899999999,495927.631
2011-07-28,0,5017.7219000000005,495927.631
2011-07-29,0,5000.561900000001,495927.631
2011-08-01,0,5080.8563,495927.631
2011-08-02,0,4980.4569,495927.631
2011-08-03,0,5027.3273,495927.631
2011-08-04,0,4832.672500000001,495927.631
2011-08-05,0,4784.6497,495927.631
2011-08-08,0,4523.2761,495927.631
2011-08-09,0,4789.6442,495927.631
2011-08-10,0,4657.484799999999,495927.631
2011-08-11,0,4785.6747,495927.631
2011-08-12,0,4827.805700000001,495927.631
2011-08-15,0,4910.0227,495927.631
2011-08-16,0,4872.5002,495927.631
2011-08-17,0,4871.9872,495927.631
2011-08-18,0,4687.7071,495927.631
2011-08-19,0,4559.388,495927.631
2011-08-22,0,4564.6389,495927.631
2011-08-23,0,4784.3933,495927.631
2011-08-24,0,4817.4328000000005,495927.631
2011-08-25,0,4785.9314,495927.631
2011-08-26,0,4912.1994,495927.631
2011-08-29,0,4994.0308,495927.631
2011-08-30,0,4994.2867,495927.631
2011-08-31,0,4928.2074,495927.631
2011-09-01,0,4879.5441,495927.631
2011-09-02,0,4790.1558,495927.631
2011-09-06,0,4863.023,495927.631
2011-09-07,0,4916.6813,495927.631
2011-09-08,0,4919.370999999999,495927.631
2011-09-09,0,4834.0813,495927.631
2011-09-12,0,4865.5846,495927.631
2011-09-13,0,4925.518,495927.631
2011-09-14,0,4985.45,495927.631
2011-09-15,0,5032.3219,495927.631
2011-09-16,0,5128.8807,495927.631
2011-09-19,0,5271.4119,495927.631
2011-09-20,0,5294.7201,495927.631
2011-09-21,0,5277.9442,495927.631
2011-09-22,0,5145.7844000000005,495927.631
2011-09-23,0,5177.5436,495927.631
2011-09-26,0,5163.071400000001,495927.631
2011-09-27,0,5113.0005,495927.631
2011-09-28,0,5084.1862,495927.631
2011-09-29,0,5001.7146999999995,495927.631
2011-09-30,0,4883.2569,495927.631
2011-10-03,0,4797.199600000001,495927.631
2011-10-04,0,4770.3072,495927.631
2011-10-05,0,4843.941500000001,495927.631
2011-10-06,0,4832.672500000001,495927.631
2011-10-07,0,4735.7307,495927.631
2011-10-10,0,4979.175200000001,495927.631
2011-10-11,0,5126.1902,495927.631
2011-10-12,0,5150.5219,495927.631
2011-10-13,0,5230.4329,495927.631
2011-10-14,0,5404.213000000001,495927.631
2011-10-17,0,5378.472900000001,495927.631
2011-10-18,0,5407.286800000001,495927.631
2011-10-19,0,5104.8042,495927.631
2011-10-20,0,5062.4161,495927.631
2011-10-21,0,5031.169099999999,495927.631
2011-10-24,0,5196.3688,495927.631
2011-10-25,0,5093.919000000001,495927.631
2011-10-26,0,5130.1609,495927.631
2011-10-27,0,5182.5382,495927.631
2011-10-28,0,5185.8685,495927.631
2011-10-31,0,5183.6906,495927.631
2011-11-01,0,5077.7836,495927.631
2011-11-02,0,5089.3097,495927.631
2011-11-03,0,5161.7919999999995,495927.631
2011-11-04,0,5125.5497,495927.631
2011-11-07,0,5119.0201,495927.631
2011-11-08,0,5202.2598,495927.631
2011-11-09,0,5062.0323,495927.631
2011-11-10,0,4933.2011999999995,495927.631
2011-11-11,0,4925.518,495927.631
2011-11-14,0,4856.876,495927.631
2011-11-15,0,4979.4319000000005,495927.631
2011-11-16,0,4927.438400000001,495927.631
2011-11-17,0,4833.185200000001,495927.631
2011-11-18,0,4801.553,495927.631
2011-11-21,0,4725.613,495927.631
2011-11-22,0,4821.6595,495927.631
2011-11-23,0,4699.7444000000005,495927.631
2011-11-25,0,4655.9466999999995,495927.631
2011-11-28,0,4816.6649,495927.631
2011-11-29,0,4779.271699999999,495927.631
2011-11-30,0,4894.5262999999995,495927.631
2011-12-01,0,4967.9054,495927.631
2011-12-02,0,4990.5735,495927.631
2011-12-05,0,5032.9624,495927.631
2011-12-06,0,5006.5806999999995,495927.631
2011-12-07,0,4982.7618,495927.631
2011-12-08,0,5002.8664,495927.631
2011-12-09,0,5040.7734,495927.631
2011-12-12,0,5017.9783,495927.631
2011-12-13,0,4979.175200000001,495927.631
2011-12-14,0,4868.785900000001,495927.631
2011-12-15,0,4852.779799999999,495927.631
2011-12-16,0,4879.4159,495927.631
2011-12-19,0,4894.6545,495927.631
2011-12-20,0,5070.6123,495927.631
2011-12-21,0,5077.014899999999,495927.631
2011-12-22,0,5103.9078,495927.631
2011-12-23,0,5165.1206999999995,495927.631
2011-12-27,0,5206.1012,495927.631
2011-12-28,0,5156.2847,495927.631
2011-12-29,0,5188.0451,495927.631
2011-12-30,0,5186.5078,495927.631
2012-01-03,0,5266.2899,495927.631
2012-01-04,0,5294.591899999999,495927.631
2012-01-05,0,5353.3730000000005,495927.631
2012-01-06,0,5409.3361,495927.631
2012-01-09,0,5400.755699999999,495927.631
2012-01-10,0,5420.093199999999,495927.631
2012-01-11,0,5411.2568,495927.631
2012-01-12,0,5396.402,495927.631
2012-01-13,0,5376.1677,495927.631
2012-01-17,0,5438.789699999999,495927.631
2012-01-18,0,5495.265600000001,495927.631
2012-01-19,0,5477.8484,495927.631
2012-01-20,0,5382.4425,495927.631
2012-01-23,0,5473.4936,495927.631
2012-01-24,0,5383.852,495927.631
2012-01-25,0,5720.0142000000005,495927.631
2012-01-26,0,5694.016600000001,495927.631
2012-01-27,0,5727.9537,495927.631
2012-01-30,0,5801.3325,495927.631
2012-01-31,0,5845.7703,495927.631
2012-02-01,0,5842.056700000001,495927.631
2012-02-02,0,5828.3543,495927.631
2012-02-03,0,5886.7512,495927.631
2012-02-06,0,5941.6889,495927.631
2012-02-07,0,6003.926800000001,495927.631
2012-02-08,0,6104.4559,495927.631
2012-02-09,0,6315.6296,495927.631
2012-02-10,0,6318.8316,495927.631
2012-02-13,0,6436.3937,495927.631
2012-02-14,0,6524.2439,495927.631
2012-02-15,0,6373.258199999999,495927.631
2012-02-16,0,6431.398799999999,495927.631
2012-02-17,0,6430.2437,495927.631
2012-02-21,0,6593.2671,495927.631
2012-02-22,0,6570.088199999999,495927.631
2012-02-23,0,6612.988299999999,495927.631
2012-02-24,0,6690.0826,495927.631
2012-02-27,0,6732.985699999999,495927.631
2012-02-28,0,6856.5635999999995,495927.631
2012-02-29,0,6946.592700000001,495927.631
2012-03-01,0,6972.5853,495927.631
2012-03-02,0,6981.6811,495927.631
2012-03-05,0,6827.7496,495927.631
2012-03-06,0,6790.610500000001,495927.631
2012-03-07,0,6796.1189,495927.631
2012-03-08,0,6940.827900000001,495927.631
2012-03-09,0,6981.5529,495927.631
2012-03-12,0,7069.018599999999,495927.631
2012-03-13,0,7275.196800000001,495927.631
2012-03-14,0,7550.2739,495927.631
2012-03-15,0,7498.7938,495927.631
2012-03-16,0,7498.921999999999,495927.631
2012-03-19,0,7697.802,495927.631
2012-03-20,0,7760.039499999999,495927.631
2012-03-21,0,7715.7318000000005,495927.631
2012-03-22,0,7675.264,495927.631
2012-03-23,0,7633.1329,495927.631
2012-03-26,0,7773.1018,495927.631
2012-03-27,0,7869.149,495927.631
2012-03-28,0,7909.3597,495927.631
2012-03-29,0,7809.9846,495927.631
2012-03-30,0,7677.954100000001,495927.631
2012-04-02,0,7922.2939,495927.631
2012-04-03,0,8059.191899999999,495927.631
2012-04-04,0,7995.034799999999,495927.631
2012-04-05,0,8115.0276,495927.631
2012-04-09,0,8147.6822,495927.631
2012-04-10,0,8047.9232999999995,495927.631
2012-04-11,0,8019.2375,495927.631
2012-04-12,0,7975.312,495927.631
2012-04-13,0,7750.691999999999,495927.631
2012-04-16,0,7429.257199999999,495927.631
2012-04-17,0,7807.9346000000005,495927.631
2012-04-18,0,7790.5197,495927.631
2012-04-19,0,7522.8706,495927.631
2012-04-20,0,7337.692300000001,495927.631
2012-04-23,0,7321.2997000000005,495927.631
2012-04-24,0,7175.0534,495927.631
2012-04-25,0,7811.777499999999,495927.631
2012-04-26,0,7782.3234999999995,495927.631
2012-04-27,0,7722.133599999999,495927.631
2012-04-30,0,7478.5599,495927.631
2012-05-01,0,7454.869100000001,495927.631
2012-05-02,0,7504.1718,495927.631
2012-05-03,0,7450.8994999999995,495927.631
2012-05-04,0,7238.6993,495927.631
2012-05-07,0,7292.871099999999,495927.631
2012-05-08,0,7276.223,495927.631
2012-05-09,0,7289.026599999999,495927.631
2012-05-10,0,7306.189,495927.631
2012-05-11,0,7257.399000000001,495927.631
2012-05-14,0,7148.6694,495927.631
2012-05-15,0,7083.9996,495927.631
2012-05-16,0,6993.2053,495927.631
2012-05-17,0,6788.8199,495927.631
2012-05-18,0,6792.149399999999,495927.631
2012-05-21,0,7187.8601,495927.631
2012-05-22,0,7132.665300000001,495927.631
2012-05-23,0,7306.7009,495927.631
2012-05-24,0,7239.595799999999,495927.631
2012-05-25,0,7200.7942,495927.631
2012-05-29,0,7328.600300000001,495927.631
2012-05-30,0,7416.9617,495927.631
2012-05-31,0,7398.520699999999,495927.631
2012-06-01,0,7184.1476,495927.631
2012-06-04,0,7226.4061,495927.631
2012-06-05,0,7207.7095,495927.631
2012-06-06,0,7318.227399999999,495927.631
2012-06-07,0,7321.556899999999,495927.631
2012-06-08,0,7431.6902,495927.631
2012-06-11,0,7314.5134,495927.631
2012-06-12,0,7378.4157,495927.631
2012-06-13,0,7327.1912,495927.631
2012-06-14,0,7319.1215999999995,495927.631
2012-06-15,0,7352.4208,495927.631
2012-06-18,0,7501.6098,495927.631
2012-06-19,0,7522.4854000000005,495927.631
2012-06-20,0,7501.0971,495927.631
2012-06-21,0,7397.7531,495927.631
2012-06-22,0,7454.4853,495927.631
2012-06-25,0,7309.3903,495927.631
2012-06-26,0,7325.5287,495927.631
2012-06-27,0,7357.157099999999,495927.631
2012-06-28,0,7287.3642,495927.631
2012-06-29,0,7478.8162,495927.631
2012-07-02,0,7587.9257,495927.631
2012-07-03,0,7676.159699999999,495927.631
2012-07-05,0,7811.0077,495927.631
2012-07-06,0,7759.0149,495927.631
2012-07-09,0,7861.5921,495927.631
2012-07-10,0,7788.855,495927.631
2012-07-11,0,7740.4472,495927.631
2012-07-12,0,7669.6297,495927.631
2012-07-13,0,7747.3625,495927.631
2012-07-16,0,7772.206899999999,495927.631
2012-07-17,0,7772.5891,495927.631
2012-07-18,0,7763.883199999999,495927.631
2012-07-19,0,7867.1013,495927.631
2012-07-20,0,7738.7825,495927.631
2012-07-23,0,7732.762099999999,495927.631
2012-07-24,0,7695.497900000001,495927.631
2012-07-25,0,7363.176700000001,495927.631
2012-07-26,0,7362.0232000000005,495927.631
2012-07-27,0,7493.671399999999,495927.631
2012-07-30,0,7620.068399999999,495927.631
2012-07-31,0,7821.5111,495927.631
2012-08-01,0,7770.9236,495927.631
2012-08-02,0,7783.4755000000005,495927.631
2012-08-03,0,7884.7725,495927.631
2012-08-06,0,7972.495999999999,495927.631
2012-08-07,0,7951.4938,495927.631
2012-08-08,0,7938.047799999999,495927.631
2012-08-09,0,7983.318299999999,495927.631
2012-08-10,0,7995.7932,495927.631
2012-08-13,0,8102.5406,495927.631
2012-08-14,0,8124.276000000001,495927.631
2012-08-15,0,8113.2164,495927.631
2012-08-16,0,8184.0813,495927.631
2012-08-17,0,8335.456100000001,495927.631
2012-08-20,0,8554.612000000001,495927.631
2012-08-21,0,8437.7037,495927.631
2012-08-22,0,8602.454399999999,495927.631
2012-08-23,0,8522.199999999999,495927.631
2012-08-24,0,8529.788999999999,495927.631
2012-08-27,0,8690.0391,495927.631
2012-08-28,0,8678.720899999998,495927.631
2012-08-29,0,8661.6165,495927.631
2012-08-30,0,8538.1477,495927.631
2012-08-31,0,8555.768600000001,495927.631
2012-09-04,0,8680.9074,495927.631
2012-09-05,0,8619.9463,495927.631
2012-09-06,0,8697.6288,495927.631
2012-09-07,0,8751.257300000001,495927.631
2012-09-10,0,8523.6153,495927.631
2012-09-11,0,8495.9648,495927.631
2012-09-12,0,8614.2868,495927.631
2012-09-13,0,8783.9264,495927.631
2012-09-14,0,8890.6731,495927.631
2012-09-17,0,8999.9939,495927.631
2012-09-18,0,9027.388,495927.631
2012-09-19,0,9029.8325,495927.631
2012-09-20,0,8986.1053,495927.631
2012-09-21,0,9003.9772,495927.631
2012-09-24,0,8884.3697,495927.631
2012-09-25,0,8662.5145,495927.631
2012-09-26,0,8554.9965,495927.631
2012-09-27,0,8762.5748,495927.631
2012-09-28,0,8579.6921,495927.631
2012-10-01,0,8480.5298,495927.631
2012-10-02,0,8505.2246,495927.631
2012-10-03,0,8635.6377,495927.631
2012-10-04,0,8575.8324,495927.631
2012-10-05,0,8393.074,495927.631
2012-10-08,0,8207.6172,495927.631
2012-10-09,0,8177.7763,495927.631
2012-10-10,0,8242.8558,495927.631
2012-10-11,0,8078.102900000001,495927.631
2012-10-12,0,8098.809799999999,495927.631
2012-10-15,0,8163.760400000001,495927.631
2012-10-16,0,8357.0633,495927.631
2012-10-17,0,8290.4411,495927.631
2012-10-18,0,8136.495999999999,495927.631
2012-10-19,0,7843.260200000001,495927.631
2012-10-22,0,8154.3701,495927.631
2012-10-23,0,7888.5284,495927.631
2012-10-24,0,7933.159599999999,495927.631
2012-10-25,0,7839.3997,495927.631
2012-10-26,0,7768.1488,495927.631
2012-10-31,0,7656.5155,495927.631
2012-11-01,0,7672.206099999999,495927.631
2012-11-02,0,7418.325,495927.631
2012-11-05,0,7518.8994999999995,495927.631
2012-11-06,0,7496.135699999999,495927.631
2012-11-07,0,7209.3147,495927.631
2012-11-08,0,6947.6837000000005,495927.631
2012-11-09,0,7067.9703,495927.631
2012-11-12,0,7013.3202,495927.631
2012-11-13,0,7014.224200000001,495927.631
2012-11-14,0,6936.4456,495927.631
2012-11-15,0,6790.965300000001,495927.631
2012-11-16,0,6817.5804,495927.631
2012-11-19,0,7309.1835,495927.631
2012-11-20,0,7246.9093,495927.631
2012-11-21,0,7257.118199999999,495927.631
2012-11-23,0,7383.7326,495927.631
2012-11-26,0,7616.6786,495927.631
2012-11-27,0,7555.3101,495927.631
2012-11-28,0,7531.536899999999,495927.631
2012-11-29,0,7614.482099999999,495927.631
2012-11-30,0,7561.7699,495927.631
2012-12-03,0,7573.526,495927.631
2012-12-04,0,7439.934499999999,495927.631
2012-12-05,0,6961.1214,495927.631
2012-12-06,0,7070.2957,495927.631
2012-12-07,0,6889.5454,495927.631
2012-12-10,0,0.0,502772.8611
2012-12-11,0,0.0,502772.8611
2012-12-12,0,0.0,502772.8611
2012-12-13,0,0.0,502772.8611
2012-12-14,0,0.0,502772.8611
2012-12-17,0,0.0,502772.8611
2012-12-18,0,0.0,502772.8611
2012-12-19,0,0.0,502772.8611
2012-12-20,0,0.0,502772.8611
2012-12-21,0,0.0,502772.8611
2012-12-24,0,0.0,502772.8611
2012-12-26,0,0.0,502772.8611
2012-12-27,0,0.0,502772.8611
2012-12-28,0,0.0,502772.8611
2012-12-31,0,0.0,502772.8611
2013-01-02,0,0.0,502772.8611
2013-01-03,0,0.0,502772.8611
2013-01-04,0,0.0,502772.8611
2013-01-07,0,0.0,502772.8611
2013-01-08,0,0.0,502772.8611
2013-01-09,0,0.0,502772.8611
2013-01-10,0,0.0,502772.8611
2013-01-11,0,0.0,502772.8611
2013-01-14,0,0.0,502772.8611
2013-01-15,0,0.0,502772.8611
2013-01-16,0,0.0,502772.8611
2013-01-17,0,0.0,502772.8611
2013-01-18,0,0.0,502772.8611
2013-01-22,0,0.0,502772.8611
2013-01-23,0,0.0,502772.8611
2013-01-24,0,0.0,502772.8611
2013-01-25,0,0.0,502772.8611
2013-01-28,0,0.0,502772.8611
2013-01-29,0,0.0,502772.8611
2013-01-30,0,0.0,502772.8611
2013-01-31,0,0.0,502772.8611
2013-02-01,0,0.0,502772.8611
2013-02-04,0,0.0,502772.8611
2013-02-05,0,0.0,502772.8611
2013-02-06,0,0.0,502772.8611
2013-02-07,0,0.0,502772.8611
2013-02-08,0,0.0,502772.8611
2013-02-11,0,0.0,502772.8611
2013-02-12,0,0.0,502772.8611
2013-02-13,0,0.0,502772.8611
2013-02-14,0,0.0,502772.8611
2013-02-15,0,0.0,502772.8611
2013-02-19,0,0.0,502772.8611
2013-02-20,0,0.0,502772.8611
2013-02-21,0,0.0,502772.8611
2013-02-22,0,0.0,502772.8611
2013-02-25,0,0.0,502772.8611
2013-02-26,0,0.0,502772.8611
2013-02-27,0,0.0,502772.8611
2013-02-28,0,0.0,502772.8611
2013-03-01,0,0.0,502772.8611
2013-03-04,0,0.0,502772.8611
2013-03-05,0,0.0,502772.8611
2013-03-06,0,0.0,502772.8611
2013-03-07,0,0.0,502772.8611
2013-03-08,0,0.0,502772.8611
2013-03-11,0,0.0,502772.8611
2013-03-12,0,0.0,502772.8611
2013-03-13,0,0.0,502772.8611
2013-03-14,0,0.0,502772.8611
2013-03-15,0,0.0,502772.8611
2013-03-18,0,0.0,502772.8611
2013-03-19,0,0.0,502772.8611
2013-03-20,0,0.0,502772.8611
2013-03-21,0,0.0,502772.8611
2013-03-22,0,0.0,502772.8611
2013-03-25,0,0.0,502772.8611
2013-03-26,0,0.0,502772.8611
2013-03-27,0,0.0,502772.8611
2013-03-28,0,0.0,502772.8611
2013-04-01,0,0.0,502772.8611
2013-04-02,0,0.0,502772.8611
2013-04-03,0,0.0,502772.8611
2013-04-04,0,0.0,502772.8611
2013-04-05,0,0.0,502772.8611
2013-04-08,0,0.0,502772.8611
2013-04-09,0,0.0,502772.8611
2013-04-10,0,0.0,502772.8611
2013-04-11,0,0.0,502772.8611
2013-04-12,0,0.0,502772.8611
2013-04-15,0,0.0,502772.8611
2013-04-16,0,0.0,502772.8611
2013-04-17,0,0.0,502772.8611
2013-04-18,0,0.0,502772.8611
2013-04-19,0,0.0,502772.8611
2013-04-22,0,0.0,502772.8611
2013-04-23,0,0.0,502772.8611
2013-04-24,0,0.0,502772.8611
2013-04-25,0,0.0,502772.8611
2013-04-26,0,0.0,502772.8611
2013-04-29,0,0.0,502772.8611
2013-04-30,0,0.0,502772.8611
2013-05-01,0,0.0,502772.8611
2013-05-02,0,0.0,502772.8611
2013-05-03,0,0.0,502772.8611
2013-05-06,0,0.0,502772.8611
2013-05-07,0,0.0,502772.8611
2013-05-08,0,0.0,502772.8611
2013-05-09,0,0.0,502772.8611
2013-05-10,0,0.0,502772.8611
2013-05-13,0,0.0,502772.8611
2013-05-14,0,0.0,502772.8611
2013-05-15,0,0.0,502772.8611
2013-05-16,0,0.0,502772.8611
2013-05-17,0,0.0,502772.8611
2013-05-20,0,0.0,502772.8611
2013-05-21,0,0.0,502772.8611
2013-05-22,0,0.0,502772.8611
2013-05-23,0,0.0,502772.8611
2013-05-24,0,0.0,502772.8611
2013-05-28,0,0.0,502772.8611
2013-05-29,0,0.0,502772.8611
2013-05-30,0,0.0,502772.8611
2013-05-31,0,0.0,502772.8611
2013-06-03,0,0.0,502772.8611
2013-06-04,0,0.0,502772.8611
2013-06-05,0,0.0,502772.8611
2013-06-06,0,0.0,502772.8611
2013-06-07,0,0.0,502772.8611
2013-06-10,0,0.0,502772.8611
2013-06-11,0,0.0,502772.8611
2013-06-12,0,0.0,502772.8611
2013-06-13,0,0.0,502772.8611
2013-06-14,0,0.0,502772.8611
2013-06-17,0,0.0,502772.8611
2013-06-18,0,0.0,502772.8611
2013-06-19,0,0.0,502772.8611
2013-06-20,0,0.0,502772.8611
2013-06-21,0,0.0,502772.8611
2013-06-24,0,0.0,502772.8611
2013-06-25,0,0.0,502772.8611
2013-06-26,0,0.0,502772.8611
2013-06-27,0,0.0,502772.8611
2013-06-28,0,0.0,502772.8611
2013-07-01,0,0.0,502772.8611
2013-07-02,0,0.0,502772.8611
2013-07-03,0,0.0,502772.8611
2013-07-05,0,0.0,502772.8611
2013-07-08,0,0.0,502772.8611
2013-07-09,0,0.0,502772.8611
2013-07-10,0,0.0,502772.8611
2013-07-11,0,0.0,502772.8611
2013-07-12,0,0.0,502772.8611
2013-07-15,0,0.0,502772.8611
2013-07-16,0,0.0,502772.8611
2013-07-17,0,0.0,502772.8611
2013-07-18,0,0.0,502772.8611
2013-07-19,0,0.0,502772.8611
2013-07-22,0,0.0,502772.8611
2013-07-23,0,0.0,502772.8611
2013-07-24,0,0.0,502772.8611
2013-07-25,0,0.0,502772.8611
2013-07-26,0,0.0,502772.8611
2013-07-29,0,0.0,502772.8611
2013-07-30,0,0.0,502772.8611
2013-07-31,0,0.0,502772.8611
2013-08-01,0,0.0,502772.8611
2013-08-02,0,0.0,502772.8611
2013-08-05,0,0.0,502772.8611
2013-08-06,0,0.0,502772.8611
2013-08-07,0,0.0,502772.8611
2013-08-08,0,0.0,502772.8611
2013-08-09,0,0.0,502772.8611
2013-08-12,0,0.0,502772.8611
2013-08-13,0,0.0,502772.8611
2013-08-14,0,0.0,502772.8611
2013-08-15,0,0.0,502772.8611
2013-08-16,0,0.0,502772.8611
2013-08-19,0,0.0,502772.8611
2013-08-20,0,0.0,502772.8611
2013-08-21,0,0.0,502772.8611
2013-08-22,0,0.0,502772.8611
2013-08-23,0,0.0,502772.8611
2013-08-26,0,0.0,502772.8611
2013-08-27,0,0.0,502772.8611
2013-08-28,0,0.0,502772.8611
2013-08-29,0,0.0,502772.8611
2013-08-30,0,0.0,502772.8611
2013-09-03,0,0.0,502772.8611
2013-09-04,0,0.0,502772.8611
2013-09-05,0,0.0,502772.8611
2013-09-06,0,0.0,502772.8611
2013-09-09,0,0.0,502772.8611
2013-09-10,0,6513.2210000000005,496259.64009999996
2013-09-11,0,6158.6178,496259.64009999996
2013-09-12,0,6224.1936,496259.64009999996
2013-09-13,0,6121.6170999999995,496259.64009999996
2013-09-16,0,5927.0,496259.64009999996
2013-09-17,0,5995.4723,496259.64009999996
2013-09-18,0,6118.720600000001,496259.64009999996
2013-09-19,0,6219.0567,496259.64009999996
2013-09-20,0,6154.6684,496259.64009999996
2013-09-23,0,6460.552199999999,496259.64009999996
2013-09-24,0,6440.274000000001,496259.64009999996
2013-09-25,0,6340.5949,496259.64009999996
2013-09-26,0,6402.350600000002,496259.64009999996
2013-09-27,0,6356.6593,496259.64009999996
2013-09-30,0,6277.6531,496259.64009999996
2013-10-01,0,6425.263199999999,496259.64009999996
2013-10-02,0,6446.3295,496259.64009999996
2013-10-03,0,6365.3496,496259.64009999996
2013-10-04,0,6360.3474,496259.64009999996
2013-10-07,0,6422.4976,496259.64009999996
2013-10-08,0,6332.8251,496259.64009999996
2013-10-09,0,6407.2227,496259.64009999996
2013-10-10,0,6447.3839,496259.64009999996
2013-10-11,0,6489.1243,496259.64009999996
2013-10-14,0,6531.656600000001,496259.64009999996
2013-10-15,0,6566.418500000001,496259.64009999996
2013-10-16,0,6598.4161,496259.64009999996
2013-10-17,0,6643.0534,496259.64009999996
2013-10-18,0,6700.8606,496259.64009999996
2013-10-21,0,6865.0589,496259.64009999996
2013-10-22,0,6845.440699999999,496259.64009999996
2013-10-23,0,6912.464099999999,496259.64009999996
2013-10-24,0,7003.980300000001,496259.64009999996
2013-10-25,0,6925.631,496259.64009999996
2013-10-28,0,6977.2476,496259.64009999996
2013-10-29,0,6803.4363,496259.64009999996
2013-10-30,0,6911.6737,496259.64009999996
2013-10-31,0,6882.704900000001,496259.64009999996
2013-11-01,0,6847.5479000000005,496259.64009999996
2013-11-04,0,6936.0321,496259.64009999996
2013-11-05,0,6918.916299999999,496259.64009999996
2013-11-06,0,6899.3141000000005,496259.64009999996
2013-11-07,0,6787.661,496259.64009999996
2013-11-08,0,6894.5464999999995,496259.64009999996
2013-11-11,0,6874.5468,496259.64009999996
2013-11-12,0,6887.261200000001,496259.64009999996
2013-11-13,0,6895.4712,496259.64009999996
2013-11-14,0,6995.2042,496259.64009999996
2013-11-15,0,6953.220400000001,496259.64009999996
2013-11-18,0,6868.9835,496259.64009999996
2013-11-19,0,6881.167600000001,496259.64009999996
2013-11-20,0,6820.905299999999,496259.64009999996
2013-11-21,0,6902.226299999999,496259.64009999996
2013-11-22,0,6884.4794999999995,496259.64009999996
2013-11-25,0,6936.6623,496259.64009999996
2013-11-26,0,7064.604200000001,496259.64009999996
2013-11-27,0,7230.9563,496259.64009999996
2013-11-29,0,7364.857499999999,496259.64009999996
2013-12-02,0,7300.7537999999995,496259.64009999996
2013-12-03,0,7500.6125999999995,496259.64009999996
2013-12-04,0,7483.130600000001,496259.64009999996
2013-12-05,0,7521.5393,496259.64009999996
2013-12-06,0,7417.1722,496259.64009999996
2013-12-09,0,7502.0698999999995,496259.64009999996
2013-12-10,0,7490.414399999999,496259.64009999996
2013-12-11,0,7434.9205,496259.64009999996
2013-12-12,0,7424.059300000001,496259.64009999996
2013-12-13,0,7343.1366,496259.64009999996
2013-12-16,0,7383.796700000001,496259.64009999996
2013-12-17,0,7350.5524,496259.64009999996
2013-12-18,0,7294.662499999999,496259.64009999996
2013-12-19,0,7211.088599999999,496259.64009999996
2013-12-20,0,7271.4844,496259.64009999996
2013-12-23,0,7550.5447,496259.64009999996
2013-12-24,0,7518.491400000001,496259.64009999996
2013-12-26,0,7468.5608,496259.64009999996
2013-12-27,0,7418.099999999999,496259.64009999996
2013-12-30,0,7344.3275,496259.64009999996
2013-12-31,0,7430.416899999998,496259.64009999996
2014-01-02,0,7325.9171,496259.64009999996
2014-01-03,0,7164.9979,496259.64009999996
2014-01-06,0,7204.066500000001,496259.64009999996
2014-01-07,0,7152.548199999999,496259.64009999996
2014-01-08,0,7197.8439,496259.64009999996
2014-01-09,0,7105.928,496259.64009999996
2014-01-10,0,7058.5136,496259.64009999996
2014-01-13,0,7095.464300000001,496259.64009999996
2014-01-14,0,7236.650799999999,496259.64009999996
2014-01-15,0,7381.9427000000005,496259.64009999996
2014-01-16,0,7340.750099999999,496259.64009999996
2014-01-17,0,7160.8925,496259.64009999996
2014-01-21,0,7272.1451,496259.64009999996
2014-01-22,0,7304.4617,496259.64009999996
2014-01-23,0,7366.3139,496259.64009999996
2014-01-24,0,7232.412700000001,496259.64009999996
2014-01-27,0,7291.083499999999,496259.64009999996
2014-01-28,0,6708.3275,496259.64009999996
2014-01-29,0,6632.1724,496259.64009999996
2014-01-30,0,6619.325999999999,496259.64009999996
2014-01-31,0,6630.1849,496259.64009999996
2014-02-03,0,6642.501800000001,496259.64009999996
2014-02-04,0,6738.658100000001,496259.64009999996
2014-02-05,0,6788.9877,496259.64009999996
2014-02-06,0,6828.557600000001,496259.64009999996
2014-02-07,0,6924.0891,496259.64009999996
2014-02-10,0,7048.1323,496259.64009999996
2014-02-11,0,7141.0004,496259.64009999996
2014-02-12,0,7140.467099999999,496259.64009999996
2014-02-13,0,7253.850600000002,496259.64009999996
2014-02-14,0,7247.990400000001,496259.64009999996
2014-02-18,0,7274.6391,496259.64009999996
2014-02-19,0,7159.787800000001,496259.64009999996
2014-02-20,0,7076.9112,496259.64009999996
2014-02-21,0,6998.3017,496259.64009999996
2014-02-24,0,7028.9467,496259.64009999996
2014-02-25,0,6955.8014,496259.64009999996
2014-02-26,0,6893.044999999999,496259.64009999996
2014-02-27,0,7030.546600000001,496259.64009999996
2014-02-28,0,7011.4929,496259.64009999996
2014-03-03,0,7031.7451,496259.64009999996
2014-03-04,0,7078.112,496259.64009999996
2014-03-05,0,7093.0351,496259.64009999996
2014-03-06,0,7071.5843,496259.64009999996
2014-03-07,0,7067.4538,496259.64009999996
2014-03-10,0,7073.848000000001,496259.64009999996
2014-03-11,0,7142.7307,496259.64009999996
2014-03-12,0,7149.6605,496259.64009999996
2014-03-13,0,7070.2507,496259.64009999996
2014-03-14,0,6990.8417,496259.64009999996
2014-03-17,0,7018.1564,496259.64009999996
2014-03-18,0,7080.2422,496259.64009999996
2014-03-19,0,7078.3783,496259.64009999996
2014-03-20,0,7044.268800000001,496259.64009999996
2014-03-21,0,7099.8283,496259.64009999996
2014-03-24,0,7184.0363,496259.64009999996
2014-03-25,0,7261.3129,496259.64009999996
2014-03-26,0,7191.8976,496259.64009999996
2014-03-27,0,7160.9863000000005,496259.64009999996
2014-03-28,0,7152.9915,496259.64009999996
2014-03-31,0,7151.391600000001,496259.64009999996
2014-04-01,0,7216.810600000001,496259.64009999996
2014-04-02,0,7228.804000000001,496259.64009999996
2014-04-03,0,7178.7064,496259.64009999996
2014-04-04,0,7085.8406,496259.64009999996
2014-04-07,0,6974.5887999999995,496259.64009999996
2014-04-08,0,6974.1867,496259.64009999996
2014-04-09,0,7065.855400000001,496259.64009999996
2014-04-10,0,6974.7208,496259.64009999996
2014-04-11,0,6923.1575,496259.64009999996
2014-04-14,0,6950.736999999999,496259.64009999996
2014-04-15,0,6901.1726,496259.64009999996
2014-04-16,0,6915.162700000001,496259.64009999996
2014-04-17,0,6994.1727,496259.64009999996
2014-04-21,0,7077.1805,496259.64009999996
2014-04-22,0,7084.2415,496259.64009999996
2014-04-23,0,6991.640500000001,496259.64009999996
2014-04-24,0,7564.829300000001,496259.64009999996
2014-04-25,0,7620.388800000001,496259.64009999996
2014-04-28,0,7915.5082999999995,496259.64009999996
2014-04-29,0,7892.0586,496259.64009999996
2014-04-30,0,7862.213900000001,496259.64009999996
2014-05-01,0,7880.7357999999995,496259.64009999996
2014-05-02,0,7895.391100000001,496259.64009999996
2014-05-05,0,8007.044999999999,496259.64009999996
2014-05-06,0,7919.7746,496259.64009999996
2014-05-07,0,7892.0586,496259.64009999996
2014-05-08,0,7877.9922,496259.64009999996
2014-05-09,0,7845.1675,496259.64009999996
2014-05-12,0,7942.838299999999,496259.64009999996
2014-05-13,0,7955.2994,496259.64009999996
2014-05-14,0,7956.772600000001,496259.64009999996
2014-05-15,0,7889.1113000000005,496259.64009999996
2014-05-16,0,8005.543500000001,496259.64009999996
2014-05-19,0,8100.402099999999,496259.64009999996
2014-05-20,0,8102.010300000001,496259.64009999996
2014-05-21,0,8123.4459,496259.64009999996
2014-05-22,0,8136.3090999999995,496259.64009999996
2014-05-23,0,8228.2211,496259.64009999996
2014-05-27,0,8382.299,496259.64009999996
2014-05-28,0,8360.5942,496259.64009999996
2014-05-29,0,8512.931800000002,496259.64009999996
2014-05-30,0,8481.0448,496259.64009999996
2014-06-02,0,8422.7615,496259.64009999996
2014-06-03,0,8541.8724,496259.64009999996
2014-06-04,0,8639.409599999999,496259.64009999996
2014-06-05,0,8673.3063,496259.64009999996
2014-06-06,0,8649.4591,496259.64009999996
2014-06-09,0,8787.8624,496259.64009999996
2014-06-10,0,8839.4432,496259.64009999996
2014-06-11,0,8802.8679,496259.64009999996
2014-06-12,0,8655.622099999999,496259.64009999996
2014-06-13,0,8560.8955,496259.64009999996
2014-06-16,0,8647.181700000001,496259.64009999996
2014-06-17,0,8635.927599999999,496259.64009999996
2014-06-18,0,8645.3049,496259.64009999996
2014-06-19,0,8615.2931,496259.64009999996
2014-06-20,0,8526.1963,496259.64009999996
2014-06-23,0,8518.6913,496259.64009999996
2014-06-24,0,8467.1097,496259.64009999996
2014-06-25,0,8474.6132,496259.64009999996
2014-06-26,0,8525.2579,496259.64009999996
2014-06-27,0,8626.5488,496259.64009999996
2014-06-30,0,8715.6464,496259.64009999996
2014-07-01,0,8770.9793,496259.64009999996
2014-07-02,0,8767.2295,496259.64009999996
2014-07-03,0,8818.8118,496259.64009999996
2014-07-07,0,9000.7599,496259.64009999996
2014-07-08,0,8942.6109,496259.64009999996
2014-07-09,0,8946.3623,496259.64009999996
2014-07-10,0,8913.536100000001,496259.64009999996
2014-07-11,0,8930.418399999999,496259.64009999996
2014-07-14,0,9045.776399999999,496259.64009999996
2014-07-15,0,8939.798,496259.64009999996
2014-07-16,0,8889.1518,496259.64009999996
2014-07-17,0,8730.6511,496259.64009999996
2014-07-18,0,8856.3271,496259.64009999996
2014-07-21,0,8810.3722,496259.64009999996
2014-07-22,0,8883.5258,496259.64009999996
2014-07-23,0,9115.179399999999,496259.64009999996
2014-07-24,0,9100.1747,496259.64009999996
2014-07-25,0,9160.195899999999,496259.64009999996
2014-07-28,0,9286.8095,496259.64009999996
2014-07-29,0,9226.7853,496259.64009999996
2014-07-30,0,9205.2155,496259.64009999996
2014-07-31,0,8966.056800000002,496259.64009999996
2014-08-01,0,9015.7654,496259.64009999996
2014-08-04,0,8965.1199,496259.64009999996
2014-08-05,0,8921.0396,496259.64009999996
2014-08-06,0,8906.0326,496259.64009999996
2014-08-07,0,8905.0911,496259.64009999996
2014-08-08,0,8929.5982,496259.64009999996
2014-08-11,0,9047.412900000001,496259.64009999996
2014-08-12,0,9045.5307,496259.64009999996
2014-08-13,0,9165.231300000001,496259.64009999996
2014-08-14,0,9189.737700000001,496259.64009999996
2014-08-15,0,9234.9785,496259.64009999996
2014-08-18,0,9346.199799999999,496259.64009999996
2014-08-19,0,9475.3258,496259.64009999996
2014-08-20,0,9479.097,496259.64009999996
2014-08-21,0,9480.038499999999,496259.64009999996
2014-08-22,0,9549.7864,496259.64009999996
2014-08-25,0,9570.523799999999,496259.64009999996
2014-08-26,0,9509.2583,496259.64009999996
2014-08-27,0,9626.133,496259.64009999996
2014-08-28,0,9637.442000000001,496259.64009999996
2014-08-29,0,9661.0054,496259.64009999996
2014-09-02,0,9736.410500000002,496259.64009999996
2014-09-03,0,9325.4631,496259.64009999996
2014-09-04,0,9248.1743,496259.64009999996
2014-09-05,0,9328.2898,496259.64009999996
2014-09-08,0,9270.7954,496259.64009999996
2014-09-09,0,9235.9222,496259.64009999996
2014-09-10,0,9519.6259,496259.64009999996
2014-09-11,0,9560.1555,496259.64009999996
2014-09-12,0,9581.8336,496259.64009999996
2014-09-15,0,9579.003900000002,496259.64009999996
2014-09-16,0,9506.4293,496259.64009999996
2014-09-17,0,9574.292,496259.64009999996
2014-09-18,0,9594.0865,496259.64009999996
2014-09-19,0,9515.8546,496259.64009999996
2014-09-22,0,9525.2808,496259.64009999996
2014-09-23,0,9674.1997,496259.64009999996
2014-09-24,0,9590.316,496259.64009999996
2014-09-25,0,9224.6124,496259.64009999996
2014-09-26,0,9496.0625,496259.64009999996
2014-09-29,0,9435.7391,496259.64009999996
2014-09-30,0,9496.0625,496259.64009999996
2014-10-01,0,9348.0827,496259.64009999996
2014-10-02,0,9415.9462,496259.64009999996
2014-10-03,0,9389.5561,496259.64009999996
2014-10-06,0,9389.5561,496259.64009999996
2014-10-07,0,9307.5546,496259.64009999996
2014-10-08,0,9500.773599999999,496259.64009999996
2014-10-09,0,9521.5088,496259.64009999996
2014-10-10,0,9494.1765,496259.64009999996
2014-10-13,0,9407.463800000001,496259.64009999996
2014-10-14,0,9307.5546,496259.64009999996
2014-10-15,0,9193.5074,496259.64009999996
2014-10-16,0,9072.863800000001,496259.64009999996
2014-10-17,0,9205.7602,496259.64009999996
2014-10-20,0,9402.7512,496259.64009999996
2014-10-21,0,9658.1772,496259.64009999996
2014-10-22,0,9707.1907,496259.64009999996
2014-10-23,0,9880.618299999998,496259.64009999996
2014-10-24,0,9917.3744,496259.64009999996
2014-10-27,0,9907.0076,496259.64009999996
2014-10-28,0,10060.6407,496259.64009999996
2014-10-29,0,10117.1928,496259.64009999996
2014-10-30,0,10083.2634,496259.64009999996
2014-10-31,0,10179.4014,496259.64009999996
2014-11-03,0,10311.3564,496259.64009999996
2014-11-04,0,10235.9535,496259.64009999996
2014-11-05,0,10260.4599,496259.64009999996
2014-11-06,0,10289.8048,496259.64009999996
2014-11-07,0,10319.1498,496259.64009999996
2014-11-10,0,10302.1111,496259.64009999996
2014-11-11,0,10384.4666,496259.64009999996
2014-11-12,0,10531.193500000001,496259.64009999996
2014-11-13,0,10679.8149,496259.64009999996
2014-11-14,0,10808.5564,496259.64009999996
2014-11-17,0,10790.568500000001,496259.64009999996
2014-11-18,0,10930.6686,496259.64009999996
2014-11-19,0,10854.940800000002,496259.64009999996
2014-11-20,0,11010.186000000002,496259.64009999996
2014-11-21,0,11025.3319,496259.64009999996
2014-11-24,0,11229.8027,496259.64009999996
2014-11-25,0,11132.2998,496259.64009999996
2014-11-26,0,11264.828500000001,496259.64009999996
2014-11-28,0,11258.2008,496259.64009999996
2014-12-01,0,10892.802399999999,496259.64009999996
2014-12-02,0,10851.153600000001,496259.64009999996
2014-12-03,0,10974.214899999999,496259.64009999996
2014-12-04,0,10932.563,496259.64009999996
2014-12-05,0,10886.178600000001,496259.64009999996
2014-12-08,0,10640.0558,496259.64009999996
2014-12-09,0,10802.8755,496259.64009999996
2014-12-10,0,10597.4571,496259.64009999996
2014-12-11,0,10566.2201,496259.64009999996
2014-12-12,0,10387.3077,496259.64009999996
2014-12-15,0,10245.314,496259.64009999996
2014-12-16,0,10105.212399999999,496259.64009999996
2014-12-17,0,10357.015200000002,496259.64009999996
2014-12-18,0,10663.7215,496259.64009999996
2014-12-19,0,10581.3644,496259.64009999996
2014-12-22,0,10691.1728,496259.64009999996
2014-12-23,0,10653.3096,496259.64009999996
2014-12-24,0,10603.137999999999,496259.64009999996
2014-12-26,0,10790.568500000001,496259.64009999996
2014-12-29,0,10782.996399999998,496259.64009999996
2014-12-30,0,10651.413700000001,496259.64009999996
2014-12-31,0,10448.8365,496259.64009999996
2015-01-02,0,10349.4423,496259.64009999996
2015-01-05,0,10057.8819,496259.64009999996
2015-01-06,0,10058.8287,496259.64009999996
2015-01-07,0,10199.876400000001,496259.64009999996
2015-01-08,0,10591.776999999998,496259.64009999996
2015-01-09,0,10603.137999999999,496259.64009999996
2015-01-12,0,10341.8694,496259.64009999996
2015-01-13,0,10433.6922,496259.64009999996
2015-01-14,0,10393.9339,496259.64009999996
2015-01-15,0,10111.839300000001,496259.64009999996
2015-01-16,0,10033.2695,496259.64009999996
2015-01-20,0,10291.6985,496259.64009999996
2015-01-21,0,10370.269,496259.64009999996
2015-01-22,0,10640.0558,496259.64009999996
2015-01-23,0,10694.9615,496259.64009999996
2015-01-26,0,10706.3194,496259.64009999996
2015-01-27,0,10331.456,496259.64009999996
2015-01-28,0,10915.523500000001,496259.64009999996
2015-01-29,0,11255.362700000001,496259.64009999996
2015-01-30,0,11090.648700000002,496259.64009999996
2015-02-02,0,11229.8027,496259.64009999996
2015-02-03,0,11231.695600000001,496259.64009999996
2015-02-04,0,11317.8398,496259.64009999996
2015-02-05,0,11398.6198,496259.64009999996
2015-02-06,0,11302.632099999999,496259.64009999996
2015-02-09,0,11377.7115,496259.64009999996
2015-02-10,0,11596.294399999999,496259.64009999996
2015-02-11,0,11868.096899999999,496259.64009999996
2015-02-12,0,12018.2549,496259.64009999996
2015-02-13,0,12077.177399999999,496259.64009999996
2015-02-17,0,12148.4528,496259.64009999996
2015-02-18,0,12233.0368,496259.64009999996
2015-02-19,0,12207.3753,496259.64009999996
2015-02-20,0,12307.165500000001,496259.64009999996
2015-02-23,0,12639.7896,496259.64009999996
2015-02-24,0,12560.910800000001,496259.64009999996
2015-02-25,0,12239.6896,496259.64009999996
2015-02-26,0,12394.596899999999,496259.64009999996
2015-02-27,0,12208.328200000002,496259.64009999996
2015-03-02,0,12268.1992,496259.64009999996
2015-03-03,0,12293.8591,496259.64009999996
2015-03-04,0,12215.928600000001,496259.64009999996
2015-03-05,0,12013.503999999999,496259.64009999996
2015-03-06,0,12031.559,496259.64009999996
2015-03-09,0,12082.878899999998,496259.64009999996
2015-03-10,0,11832.9346,496259.64009999996
2015-03-11,0,11617.201200000001,496259.64009999996
2015-03-12,0,11827.230800000001,496259.64009999996
2015-03-13,0,11745.500900000001,496259.64009999996
2015-03-16,0,11874.7498,496259.64009999996
2015-03-17,0,12073.3749,496259.64009999996
2015-03-18,0,12209.2766,496259.64009999996
2015-03-19,0,12117.0929,496259.64009999996
2015-03-20,0,11965.0352,496259.64009999996
2015-03-23,0,12089.5317,496259.64009999996
2015-03-24,0,12040.1131,496259.64009999996
2015-03-25,0,11725.5447,496259.64009999996
2015-03-26,0,11807.2762,496259.64009999996
2015-03-27,0,11713.189699999999,496259.64009999996
2015-03-30,0,12009.702299999999,496259.64009999996
2015-03-31,0,11825.3304,496259.64009999996
2015-04-01,0,11808.2253,496259.64009999996
2015-04-02,0,11909.913600000002,496259.64009999996
2015-04-06,0,12102.8358,496259.64009999996
2015-04-07,0,11975.4898,496259.64009999996
2015-04-08,0,11936.5242,496259.64009999996
2015-04-09,0,12027.758,496259.64009999996
2015-04-10,0,12079.0779,496259.64009999996
2015-04-13,0,12055.3192,496259.64009999996
2015-04-14,0,12003.049500000001,496259.64009999996
2015-04-15,0,12048.6656,496259.64009999996
2015-04-16,0,11990.693700000002,496259.64009999996
2015-04-17,0,11855.742600000001,496259.64009999996
2015-04-20,0,12126.595299999999,496259.64009999996
2015-04-21,0,12061.0222,496259.64009999996
2015-04-22,0,12223.5329,496259.64009999996
2015-04-23,0,12323.32,496259.64009999996
2015-04-24,0,12381.2904,496259.64009999996
2015-04-27,0,12606.5269,496259.64009999996
2015-04-28,0,12407.9025,496259.64009999996
2015-04-29,0,12225.4333,496259.64009999996
2015-04-30,0,11893.7569,496259.64009999996
2015-05-01,0,12254.893500000002,496259.64009999996
2015-05-04,0,12231.1356,496259.64009999996
2015-05-05,0,11955.5305,496259.64009999996
2015-05-06,0,11880.452,496259.64009999996
2015-05-07,0,11953.936000000002,496259.64009999996
2015-05-08,0,12179.1595,496259.64009999996
2015-05-11,0,12055.0941,496259.64009999996
2015-05-12,0,12012.1506,496259.64009999996
2015-05-13,0,12025.5112,496259.64009999996
2015-05-14,0,12306.083700000001,496259.64009999996
2015-05-15,0,12288.906100000002,496259.64009999996
2015-05-18,0,12424.4225,496259.64009999996
2015-05-19,0,12412.968400000002,496259.64009999996
2015-05-20,0,12412.014,496259.64009999996
2015-05-21,0,12538.9404,496259.64009999996
2015-05-22,0,12648.687,496259.64009999996
2015-05-26,0,12370.0233,496259.64009999996
2015-05-27,0,12600.972,496259.64009999996
2015-05-28,0,12576.1581,496259.64009999996
2015-05-29,0,12433.0093,496259.64009999996
2015-06-01,0,12457.8217,496259.64009999996
2015-06-02,0,12402.4727,496259.64009999996
2015-06-03,0,12417.739899999999,496259.64009999996
2015-06-04,0,12345.2118,496259.64009999996
2015-06-05,0,12277.454399999999,496259.64009999996
2015-06-08,0,12196.3356,496259.64009999996
2015-06-09,0,12160.070800000001,496259.64009999996
2015-06-10,0,12299.4041,496259.64009999996
2015-06-11,0,12271.726200000001,496259.64009999996
2015-06-12,0,12136.2137,496259.64009999996
2015-06-15,0,12112.355,496259.64009999996
2015-06-16,0,12177.249099999999,496259.64009999996
2015-06-17,0,12148.6191,496259.64009999996
2015-06-18,0,12203.968799999999,496259.64009999996
2015-06-19,0,12081.8161,496259.64009999996
2015-06-22,0,12178.2036,496259.64009999996
2015-06-23,0,12122.852299999999,496259.64009999996
2015-06-24,0,12225.920100000001,496259.64009999996
2015-06-25,0,12167.705500000002,496259.64009999996
2015-06-26,0,12096.1311,496259.64009999996
2015-06-29,0,11884.268999999998,496259.64009999996
2015-06-30,0,11970.159099999999,496259.64009999996
2015-07-01,0,12081.8161,496259.64009999996
2015-07-02,0,12066.545900000001,496259.64009999996
2015-07-06,0,12024.5567,496259.64009999996
2015-07-07,0,11994.9722,496259.64009999996
2015-07-08,0,11697.221399999999,496259.64009999996
2015-07-09,0,11458.638799999999,496259.64009999996
2015-07-10,0,11764.978799999999,496259.64009999996
2015-07-13,0,11992.1097,496259.64009999996
2015-07-14,0,11987.336699999998,496259.64009999996
2015-07-15,0,12102.811399999999,496259.64009999996
2015-07-16,0,12264.093799999999,496259.64009999996
2015-07-17,0,12370.0233,496259.64009999996
2015-07-20,0,12603.8368,496259.64009999996
2015-07-21,0,12477.862500000001,496259.64009999996
2015-07-22,0,11950.118300000002,496259.64009999996
2015-07-23,0,11944.391599999999,496259.64009999996
2015-07-24,0,11881.4072,496259.64009999996
2015-07-27,0,11716.3071,496259.64009999996
2015-07-28,0,11774.5224,496259.64009999996
2015-07-29,0,11737.3024,496259.64009999996
2015-07-30,0,11678.134900000001,496259.64009999996
2015-07-31,0,11576.0208,496259.64009999996
2015-08-03,0,11303.0823,496259.64009999996
2015-08-04,0,10940.4373,496259.64009999996
2015-08-05,0,11012.9669,496259.64009999996
2015-08-06,0,11036.932400000002,496259.64009999996
2015-08-07,0,11074.321,496259.64009999996
2015-08-10,0,11476.9531,496259.64009999996
2015-08-11,0,10879.7134,496259.64009999996
2015-08-12,0,11047.4777,496259.64009999996
2015-08-13,0,11038.8504,496259.64009999996
2015-08-14,0,11116.500100000001,496259.64009999996
2015-08-17,0,11231.5399,496259.64009999996
2015-08-18,0,11168.2663,496259.64009999996
2015-08-19,0,11025.4295,496259.64009999996
2015-08-20,0,10799.1882,496259.64009999996
2015-08-21,0,10138.6787,496259.64009999996
2015-08-24,0,9885.595699999998,496259.64009999996
2015-08-25,0,9945.030200000001,496259.64009999996
2015-08-26,0,10515.4282,496259.64009999996
2015-08-27,0,10825.071699999999,496259.64009999996
2015-08-28,0,0.0,507120.1809
2015-08-31,0,0.0,507120.1809
2015-09-01,0,0.0,507120.1809
2015-09-02,0,0.0,507120.1809
2015-09-03,0,0.0,507120.1809
2015-09-04,0,0.0,507120.1809
2015-09-08,0,0.0,507120.1809
2015-09-09,0,0.0,507120.1809
2015-09-10,0,0.0,507120.1809
2015-09-11,0,0.0,507120.1809
2015-09-14,0,0.0,507120.1809
2015-09-15,0,0.0,507120.1809
2015-09-16,0,0.0,507120.1809
2015-09-17,0,0.0,507120.1809
2015-09-18,0,0.0,507120.1809
2015-09-21,0,0.0,507120.1809
2015-09-22,0,0.0,507120.1809
2015-09-23,0,0.0,507120.1809
2015-09-24,0,0.0,507120.1809
2015-09-25,0,0.0,507120.1809
2015-09-28,0,0.0,507120.1809
2015-09-29,0,0.0,507120.1809
2015-09-30,0,0.0,507120.1809
2015-10-01,0,0.0,507120.1809
2015-10-02,0,0.0,507120.1809
2015-10-05,0,0.0,507120.1809
2015-10-06,0,0.0,507120.1809
2015-10-07,0,0.0,507120.1809
2015-10-08,0,0.0,507120.1809
2015-10-09,0,0.0,507120.1809
2015-10-12,0,0.0,507120.1809
2015-10-13,0,0.0,507120.1809
2015-10-14,0,0.0,507120.1809
2015-10-15,0,0.0,507120.1809
2015-10-16,0,0.0,507120.1809
2015-10-19,0,0.0,507120.1809
2015-10-20,0,0.0,507120.1809
2015-10-21,0,0.0,507120.1809
2015-10-22,0,0.0,507120.1809
2015-10-23,0,0.0,507120.1809
2015-10-26,0,0.0,507120.1809
2015-10-27,0,0.0,507120.1809
2015-10-28,0,0.0,507120.1809
2015-10-29,0,0.0,507120.1809
2015-10-30,0,0.0,507120.1809
2015-11-02,0,0.0,507120.1809
2015-11-03,0,0.0,507120.1809
2015-11-04,0,0.0,507120.1809
2015-11-05,0,0.0,507120.1809
2015-11-06,0,0.0,507120.1809
2015-11-09,0,0.0,507120.1809
2015-11-10,0,0.0,507120.1809
2015-11-11,0,0.0,507120.1809
2015-11-12,0,0.0,507120.1809
2015-11-13,0,0.0,507120.1809
2015-11-16,0,0.0,507120.1809
2015-11-17,0,0.0,507120.1809
2015-11-18,0,0.0,507120.1809
2015-11-19,0,0.0,507120.1809
2015-11-20,0,0.0,507120.1809
2015-11-23,0,0.0,507120.1809
2015-11-24,0,0.0,507120.1809
2015-11-25,0,0.0,507120.1809
2015-11-27,0,0.0,507120.1809
2015-11-30,0,0.0,507120.1809
2015-12-01,0,0.0,507120.1809
2015-12-02,0,0.0,507120.1809
2015-12-03,0,0.0,507120.1809
2015-12-04,0,0.0,507120.1809
2015-12-07,0,0.0,507120.1809
2015-12-08,0,0.0,507120.1809
2015-12-09,0,0.0,507120.1809
2015-12-10,0,0.0,507120.1809
2015-12-11,0,0.0,507120.1809
2015-12-14,0,0.0,507120.1809
2015-12-15,0,0.0,507120.1809
2015-12-16,0,0.0,507120.1809
2015-12-17,0,0.0,507120.1809
2015-12-18,0,0.0,507120.1809
2015-12-21,0,0.0,507120.1809
2015-12-22,0,0.0,507120.1809
2015-12-23,0,0.0,507120.1809
2015-12-24,0,0.0,507120.1809
2015-12-28,0,0.0,507120.1809
2015-12-29,0,0.0,507120.1809
2015-12-30,0,0.0,507120.1809
2015-12-31,0,0.0,507120.1809
2016-01-04,0,0.0,507120.1809
2016-01-05,0,0.0,507120.1809
2016-01-06,0,0.0,507120.1809
2016-01-07,0,0.0,507120.1809
2016-01-08,0,0.0,507120.1809
2016-01-11,0,0.0,507120.1809
2016-01-12,0,0.0,507120.1809
2016-01-13,0,0.0,507120.1809
2016-01-14,0,0.0,507120.1809
2016-01-15,0,0.0,507120.1809
2016-01-19,0,0.0,507120.1809
2016-01-20,0,0.0,507120.1809
2016-01-21,0,0.0,507120.1809
2016-01-22,0,0.0,507120.1809
2016-01-25,0,0.0,507120.1809
2016-01-26,0,0.0,507120.1809
2016-01-27,0,0.0,507120.1809
2016-01-28,0,0.0,507120.1809
2016-01-29,0,0.0,507120.1809
2016-02-01,0,0.0,507120.1809
2016-02-02,0,0.0,507120.1809
2016-02-03,0,0.0,507120.1809
2016-02-04,0,0.0,507120.1809
2016-02-05,0,0.0,507120.1809
2016-02-08,0,0.0,507120.1809
2016-02-09,0,0.0,507120.1809
2016-02-10,0,0.0,507120.1809
2016-02-11,0,0.0,507120.1809
2016-02-12,0,0.0,507120.1809
2016-02-16,0,0.0,507120.1809
2016-02-17,0,0.0,507120.1809
2016-02-18,0,0.0,507120.1809
2016-02-19,0,0.0,507120.1809
2016-02-22,0,0.0,507120.1809
2016-02-23,0,0.0,507120.1809
2016-02-24,0,0.0,507120.1809
2016-02-25,0,0.0,507120.1809
2016-02-26,0,0.0,507120.1809
2016-02-29,0,0.0,507120.1809
2016-03-01,0,0.0,507120.1809
2016-03-02,0,0.0,507120.1809
2016-03-03,0,0.0,507120.1809
2016-03-04,0,0.0,507120.1809
2016-03-07,0,0.0,507120.1809
2016-03-08,0,0.0,507120.1809
2016-03-09,0,0.0,507120.1809
2016-03-10,0,0.0,507120.1809
2016-03-11,0,0.0,507120.1809
2016-03-14,0,0.0,507120.1809
2016-03-15,0,0.0,507120.1809
2016-03-16,0,0.0,507120.1809
2016-03-17,0,0.0,507120.1809
2016-03-18,0,0.0,507120.1809
2016-03-21,0,0.0,507120.1809
2016-03-22,0,0.0,507120.1809
2016-03-23,0,0.0,507120.1809
2016-03-24,0,0.0,507120.1809
2016-03-28,0,0.0,507120.1809
2016-03-29,0,0.0,507120.1809
2016-03-30,0,0.0,507120.1809
2016-03-31,0,0.0,507120.1809
2016-04-01,0,0.0,507120.1809
2016-04-04,0,0.0,507120.1809
2016-04-05,0,0.0,507120.1809
2016-04-06,0,0.0,507120.1809
2016-04-07,0,0.0,507120.1809
2016-04-08,0,0.0,507120.1809
2016-04-11,0,0.0,507120.1809
2016-04-12,0,0.0,507120.1809
2016-04-13,0,0.0,507120.1809
2016-04-14,0,0.0,507120.1809
2016-04-15,0,0.0,507120.1809
2016-04-18,0,0.0,507120.1809
2016-04-19,0,0.0,507120.1809
2016-04-20,0,0.0,507120.1809
2016-04-21,0,0.0,507120.1809
2016-04-22,0,0.0,507120.1809
2016-04-25,0,0.0,507120.1809
2016-04-26,0,0.0,507120.1809
2016-04-27,0,0.0,507120.1809
2016-04-28,0,0.0,507120.1809
2016-04-29,0,0.0,507120.1809
2016-05-02,0,0.0,507120.1809
2016-05-03,0,0.0,507120.1809
2016-05-04,0,0.0,507120.1809
2016-05-05,0,0.0,507120.1809
2016-05-06,0,0.0,507120.1809
2016-05-09,0,0.0,507120.1809
2016-05-10,0,0.0,507120.1809
2016-05-11,0,0.0,507120.1809
2016-05-12,0,0.0,507120.1809
2016-05-13,0,0.0,507120.1809
2016-05-16,0,0.0,507120.1809
2016-05-17,0,0.0,507120.1809
2016-05-18,0,0.0,507120.1809
2016-05-19,0,0.0,507120.1809
2016-05-20,0,0.0,507120.1809
2016-05-23,0,0.0,507120.1809
2016-05-24,0,0.0,507120.1809
2016-05-25,0,0.0,507120.1809
2016-05-26,0,0.0,507120.1809
2016-05-27,0,0.0,507120.1809
2016-05-31,0,0.0,507120.1809
2016-06-01,0,0.0,507120.1809
2016-06-02,0,0.0,507120.1809
2016-06-03,0,0.0,507120.1809
2016-06-06,0,0.0,507120.1809
2016-06-07,0,0.0,507120.1809
2016-06-08,0,0.0,507120.1809
2016-06-09,0,0.0,507120.1809
2016-06-10,0,0.0,507120.1809
2016-06-13,0,0.0,507120.1809
2016-06-14,0,0.0,507120.1809
2016-06-15,0,0.0,507120.1809
2016-06-16,0,0.0,507120.1809
2016-06-17,0,0.0,507120.1809
2016-06-20,0,0.0,507120.1809
2016-06-21,0,0.0,507120.1809
2016-06-22,0,0.0,507120.1809
2016-06-23,0,0.0,507120.1809
2016-06-24,0,0.0,507120.1809
2016-06-27,0,0.0,507120.1809
2016-06-28,0,0.0,507120.1809
2016-06-29,0,0.0,507120.1809
2016-06-30,0,0.0,507120.1809
2016-07-01,0,0.0,507120.1809
2016-07-05,0,0.0,507120.1809
2016-07-06,0,0.0,507120.1809
2016-07-07,0,0.0,507120.1809
2016-07-08,0,0.0,507120.1809
2016-07-11,0,0.0,507120.1809
2016-07-12,0,0.0,507120.1809
2016-07-13,0,0.0,507120.1809
2016-07-14,0,0.0,507120.1809
2016-07-15,0,0.0,507120.1809
2016-07-18,0,0.0,507120.1809
2016-07-19,0,0.0,507120.1809
2016-07-20,0,0.0,507120.1809
2016-07-21,0,0.0,507120.1809
2016-07-22,0,0.0,507120.1809
2016-07-25,0,0.0,507120.1809
2016-07-26,0,0.0,507120.1809
2016-07-27,0,0.0,507120.1809
2016-07-28,0,0.0,507120.1809
2016-07-29,0,0.0,507120.1809
2016-08-01,0,0.0,507120.1809
2016-08-02,0,0.0,507120.1809
2016-08-03,0,0.0,507120.1809
2016-08-04,0,0.0,507120.1809
2016-08-05,0,0.0,507120.1809
2016-08-08,0,0.0,507120.1809
2016-08-09,0,0.0,507120.1809
2016-08-10,0,0.0,507120.1809
2016-08-11,0,0.0,507120.1809
2016-08-12,0,0.0,507120.1809
2016-08-15,0,0.0,507120.1809
2016-08-16,0,0.0,507120.1809
2016-08-17,0,0.0,507120.1809
2016-08-18,0,0.0,507120.1809
2016-08-19,0,0.0,507120.1809
2016-08-22,0,0.0,507120.1809
2016-08-23,0,0.0,507120.1809
2016-08-24,0,0.0,507120.1809
2016-08-25,0,0.0,507120.1809
2016-08-26,0,0.0,507120.1809
2016-08-29,0,0.0,507120.1809
2016-08-30,0,10378.9513,496741.22959999996
2016-08-31,0,10388.7428,496741.22959999996
2016-09-01,0,10450.4303,496741.22959999996
2016-09-02,0,10548.3444,496741.22959999996
2016-09-06,0,10545.4056,496741.22959999996
2016-09-07,0,10610.030400000001,496741.22959999996
2016-09-08,0,10331.953399999999,496741.22959999996
2016-09-09,0,10097.9362,496741.22959999996
2016-09-12,0,10324.1196,496741.22959999996
2016-09-13,0,10569.8853,496741.22959999996
2016-09-14,0,10943.9186,496741.22959999996
2016-09-15,0,11315.9943,496741.22959999996
2016-09-16,0,11252.3499,496741.22959999996
2016-09-19,0,11121.1449,496741.22959999996
2016-09-20,0,11120.1653,496741.22959999996
2016-09-21,0,11118.206799999998,496741.22959999996
2016-09-22,0,11222.9767,496741.22959999996
2016-09-23,0,11035.958899999998,496741.22959999996
2016-09-26,0,11052.6031,496741.22959999996
2016-09-27,0,11073.1659,496741.22959999996
2016-09-28,0,11157.373,496741.22959999996
2016-09-29,0,10984.063700000002,496741.22959999996
2016-09-30,0,11069.250500000002,496741.22959999996
2016-10-03,0,11017.3546,496741.22959999996
2016-10-04,0,11064.353899999998,496741.22959999996
2016-10-05,0,11069.250500000002,496741.22959999996
2016-10-06,0,11151.4984,496741.22959999996
2016-10-07,0,11168.1435,496741.22959999996
2016-10-10,0,11362.9944,496741.22959999996
2016-10-11,0,11387.4725,496741.22959999996
2016-10-12,0,11489.303600000001,496741.22959999996
2016-10-13,0,11454.0543,496741.22959999996
2016-10-14,0,11517.6987,496741.22959999996
2016-10-17,0,11509.866299999998,496741.22959999996
2016-10-18,0,11502.033200000002,496741.22959999996
2016-10-19,0,11467.761999999999,496741.22959999996
2016-10-20,0,11461.8874,496741.22959999996
2016-10-21,0,11416.8457,496741.22959999996
2016-10-24,0,11519.6564,496741.22959999996
2016-10-25,0,11578.4065,496741.22959999996
2016-10-26,0,11317.952700000002,496741.22959999996
2016-10-27,0,11209.2682,496741.22959999996
2016-10-28,0,11134.853400000002,496741.22959999996
2016-10-31,0,11117.2279,496741.22959999996
2016-11-01,0,10916.5031,496741.22959999996
2016-11-02,0,10926.2947,496741.22959999996
2016-11-03,0,10809.1774,496741.22959999996
2016-11-04,0,10711.7447,496741.22959999996
2016-11-07,0,10866.2613,496741.22959999996
2016-11-08,0,10930.230700000002,496741.22959999996
2016-11-09,0,10912.5168,496741.22959999996
2016-11-10,0,10608.4061,496741.22959999996
2016-11-11,0,10671.393600000001,496741.22959999996
2016-11-14,0,10403.698,496741.22959999996
2016-11-15,0,10541.4825,496741.22959999996
2016-11-16,0,10824.923700000001,496741.22959999996
2016-11-17,0,10820.987700000001,496741.22959999996
2016-11-18,0,10831.8138,496741.22959999996
2016-11-21,0,10996.1708,496741.22959999996
2016-11-22,0,11003.0602,496741.22959999996
2016-11-23,0,10946.9627,496741.22959999996
2016-11-25,0,11002.0767,496741.22959999996
2016-11-28,0,10980.4245,496741.22959999996
2016-11-29,0,10969.599199999999,496741.22959999996
2016-11-30,0,10877.0859,496741.22959999996
2016-12-01,0,10775.715600000001,496741.22959999996
2016-12-02,0,10816.0675,496741.22959999996
2016-12-05,0,10738.317099999998,496741.22959999996
2016-12-06,0,10820.987700000001,496741.22959999996
2016-12-07,0,10927.278100000001,496741.22959999996
2016-12-08,0,11034.5543,496741.22959999996
2016-12-09,0,11214.6576,496741.22959999996
2016-12-12,0,11150.686599999999,496741.22959999996
2016-12-13,0,11336.6951,496741.22959999996
2016-12-14,0,11336.6951,496741.22959999996
2016-12-15,0,11398.698400000001,496741.22959999996
2016-12-16,0,11413.460500000001,496741.22959999996
2016-12-19,0,11479.3999,496741.22959999996
2016-12-20,0,11509.9098,496741.22959999996
2016-12-21,0,11520.735900000001,496741.22959999996
2016-12-22,0,11444.9547,496741.22959999996
2016-12-23,0,11467.5896,496741.22959999996
2016-12-27,0,11540.418999999998,496741.22959999996
2016-12-28,0,11491.210900000002,496741.22959999996
2016-12-29,0,11488.2584,496741.22959999996
2016-12-30,0,11398.698400000001,496741.22959999996
2017-01-03,0,11431.176000000001,496741.22959999996
2017-01-04,0,11418.3815,496741.22959999996
2017-01-05,0,11476.4473,496741.22959999996
2017-01-06,0,11604.391499999998,496741.22959999996
2017-01-09,0,11710.6812,496741.22959999996
2017-01-10,0,11722.4907,496741.22959999996
2017-01-11,0,11785.4782,496741.22959999996
2017-01-12,0,11736.2694,496741.22959999996
2017-01-13,0,11715.6021,496741.22959999996
2017-01-17,0,11810.082199999999,496741.22959999996
2017-01-18,0,11809.0981,496741.22959999996
2017-01-19,0,11788.43,496741.22959999996
2017-01-20,0,11810.082199999999,496741.22959999996
2017-01-23,0,11817.955800000002,496741.22959999996
2017-01-24,0,11807.1304,496741.22959999996
2017-01-25,0,11995.1073,496741.22959999996
2017-01-26,0,12001.013200000001,496741.22959999996
2017-01-27,0,12001.9958,496741.22959999996
2017-01-30,0,11970.5017,496741.22959999996
2017-01-31,0,11942.9459,496741.22959999996
2017-02-01,0,12671.2341,496741.22959999996
2017-02-02,0,12649.5819,496741.22959999996
2017-02-03,0,12703.7125,496741.22959999996
2017-02-06,0,12822.796599999998,496741.22959999996
2017-02-07,0,12944.834900000002,496741.22959999996
2017-02-08,0,12995.0287,496741.22959999996
2017-02-09,0,13088.9282,496741.22959999996
2017-02-10,0,13059.2758,496741.22959999996
2017-02-13,0,13174.9222,496741.22959999996
2017-02-14,0,13345.924399999998,496741.22959999996
2017-02-15,0,13394.357299999998,496741.22959999996
2017-02-16,0,13378.5416,496741.22959999996
2017-02-17,0,13415.115399999999,496741.22959999996
2017-02-21,0,13511.982700000002,496741.22959999996
2017-02-22,0,13552.507,496741.22959999996
2017-02-23,0,13495.1782,496741.22959999996
2017-02-24,0,13508.029199999999,496741.22959999996
2017-02-27,0,13534.7153,496741.22959999996
2017-02-28,0,13540.6479,496741.22959999996
2017-03-01,0,13817.408799999997,496741.22959999996
2017-03-02,0,13735.369900000002,496741.22959999996
2017-03-03,0,13816.42,496741.22959999996
2017-03-06,0,13772.9309,496741.22959999996
2017-03-07,0,13790.7227,496741.22959999996
2017-03-08,0,13739.323400000001,496741.22959999996
2017-03-09,0,13707.692000000001,496741.22959999996
2017-03-10,0,13753.1601,496741.22959999996
2017-03-13,0,13759.0912,496741.22959999996
2017-03-14,0,13738.3347,496741.22959999996
2017-03-15,0,13883.6365,496741.22959999996
2017-03-16,0,13906.368999999999,496741.22959999996
2017-03-17,0,13837.178,496741.22959999996
2017-03-20,0,13982.479900000002,496741.22959999996
2017-03-21,0,13822.3511,496741.22959999996
2017-03-22,0,13978.5248,496741.22959999996
2017-03-23,0,13929.1031,496741.22959999996
2017-03-24,0,13901.426699999998,496741.22959999996
2017-03-27,0,13925.151100000003,496741.22959999996
2017-03-28,0,14213.7741,496741.22959999996
2017-03-29,0,14245.4041,496741.22959999996
2017-03-30,0,14226.623500000002,496741.22959999996
2017-03-31,0,14199.937399999999,496741.22959999996
2017-04-03,0,14203.891000000001,496741.22959999996
2017-04-04,0,14309.6542,496741.22959999996
2017-04-05,0,14235.5209,496741.22959999996
2017-04-06,0,14199.937399999999,496741.22959999996
2017-04-07,0,14168.306,496741.22959999996
2017-04-10,0,14151.502999999999,496741.22959999996
2017-04-11,0,13999.284399999999,496741.22959999996
2017-04-12,0,14016.087300000001,496741.22959999996
2017-04-13,0,13941.953999999998,496741.22959999996
2017-04-17,0,14019.052099999999,496741.22959999996
2017-04-18,0,13956.779499999999,496741.22959999996
2017-04-19,0,13905.381800000001,496741.22959999996
2017-04-20,0,14079.345700000002,496741.22959999996
2017-04-21,0,14062.5443,496741.22959999996
2017-04-24,0,14197.958400000001,496741.22959999996
2017-04-25,0,14285.9299,496741.22959999996
2017-04-26,0,14201.9119,496741.22959999996
2017-04-27,0,14212.786900000001,496741.22959999996
2017-04-28,0,14198.945600000003,496741.22959999996
